{
    "what": "cycle time changed!",
    "how": {
        "reference": {
            "nobs": 1389,
            "minmax": [
                423.10019,
                1756.731712
            ],
            "mean": 962.672122036717,
            "variance": 80824.18788579771,
            "skewness": 0.28833407791222043,
            "kurtosis": -0.739362886192358
        },
        "running": {
            "nobs": 1338,
            "minmax": [
                431.059884,
                1766.461822
            ],
            "mean": 818.8439273841554,
            "variance": 52442.18382464434,
            "skewness": 0.8656763225424022,
            "kurtosis": 0.5001607926007128
        }
    },
    "causes": [
        {
            "what": "waiting time changed!",
            "how": {
                "reference": {
                    "nobs": 1389,
                    "minmax": [
                        0.0,
                        1123.230105
                    ],
                    "mean": 363.69786221310295,
                    "variance": 78544.96258676217,
                    "skewness": 0.3010521803262236,
                    "kurtosis": -0.8192337264894216
                },
                "running": {
                    "nobs": 1338,
                    "minmax": [
                        0.0,
                        1129.995803
                    ],
                    "mean": 220.07128109192826,
                    "variance": 48302.5608929879,
                    "skewness": 0.9523152204983418,
                    "kurtosis": 0.5775382984047135
                }
            },
            "causes": [
                {
                    "what": "waiting time due to resource contention changed!",
                    "how": {
                        "reference": {
                            "nobs": 1389,
                            "minmax": [
                                0.0,
                                1123.230105
                            ],
                            "mean": 343.2428644650828,
                            "variance": 76875.55808606831,
                            "skewness": 0.3910448849856133,
                            "kurtosis": -0.7363024752067986
                        },
                        "running": {
                            "nobs": 1338,
                            "minmax": [
                                0.0,
                                1129.995803
                            ],
                            "mean": 213.93149009342304,
                            "variance": 46511.10439642783,
                            "skewness": 0.9661107559010172,
                            "kurtosis": 0.6354675090604385
                        }
                    },
                    "causes": []
                }
            ]
        }
    ]
}