{
    "what": "cycle time changed!",
    "how": {
        "reference": {
            "nobs": 2758,
            "minmax": [
                403.340444,
                801.879766
            ],
            "mean": 600.1170185591009,
            "variance": 3523.23789411228,
            "skewness": -0.004244212084434117,
            "kurtosis": -0.10016743684193408
        },
        "running": {
            "nobs": 2771,
            "minmax": [
                396.752285,
                67477.499184
            ],
            "mean": 989.1485727206785,
            "variance": 19039704.113952402,
            "skewness": 14.895712786746145,
            "kurtosis": 221.85786516082987
        }
    },
    "causes": [
        {
            "what": "waiting time changed!",
            "how": {
                "reference": {
                    "nobs": 2758,
                    "minmax": [
                        0.0,
                        0.0
                    ],
                    "mean": 0.0,
                    "variance": 0.0,
                    "skewness": NaN,
                    "kurtosis": NaN
                },
                "running": {
                    "nobs": 2771,
                    "minmax": [
                        0.0,
                        66895.952327
                    ],
                    "mean": 388.08114682425116,
                    "variance": 19042553.190363772,
                    "skewness": 14.900029658891059,
                    "kurtosis": 221.94267830212232
                }
            },
            "causes": [
                {
                    "what": "waiting time due to batching changed!",
                    "how": {
                        "reference": {
                            "nobs": 2758,
                            "minmax": [
                                0.0,
                                0.0
                            ],
                            "mean": 0.0,
                            "variance": 0.0,
                            "skewness": NaN,
                            "kurtosis": NaN
                        },
                        "running": {
                            "nobs": 2771,
                            "minmax": [
                                0.0,
                                66895.952327
                            ],
                            "mean": 388.08114682425116,
                            "variance": 19042553.190363772,
                            "skewness": 14.900029658891059,
                            "kurtosis": 221.94267830212232
                        }
                    },
                    "causes": []
                }
            ]
        }
    ]
}