{
    "what": "cycle time changed!",
    "how": {
        "reference": {
            "nobs": 1356,
            "minmax": [
                473.02273,
                1989.363449
            ],
            "mean": 924.5043210877582,
            "variance": 93316.22007150053,
            "skewness": 0.8487859068556286,
            "kurtosis": 0.32622838074000393
        },
        "running": {
            "nobs": 1352,
            "minmax": [
                400.494541,
                1646.281804
            ],
            "mean": 866.4613919297337,
            "variance": 56379.00523093775,
            "skewness": 0.5454210276873988,
            "kurtosis": -0.5002896630370293
        }
    },
    "causes": [
        {
            "what": "waiting time changed!",
            "how": {
                "reference": {
                    "nobs": 1356,
                    "minmax": [
                        0.0,
                        1386.635865
                    ],
                    "mean": 325.6166348237463,
                    "variance": 90452.60799296368,
                    "skewness": 0.8911799663378378,
                    "kurtosis": 0.393607496792737
                },
                "running": {
                    "nobs": 1352,
                    "minmax": [
                        0.0,
                        1067.653029
                    ],
                    "mean": 267.639247829142,
                    "variance": 52868.733682387545,
                    "skewness": 0.5948932215769897,
                    "kurtosis": -0.5053006789060461
                }
            },
            "causes": [
                {
                    "what": "waiting time due to resource contention changed!",
                    "how": {
                        "reference": {
                            "nobs": 1356,
                            "minmax": [
                                0.0,
                                1362.296617
                            ],
                            "mean": 302.6309653495575,
                            "variance": 80747.98747355952,
                            "skewness": 0.8861803413777689,
                            "kurtosis": 0.41363106346950795
                        },
                        "running": {
                            "nobs": 1352,
                            "minmax": [
                                0.0,
                                1067.653029
                            ],
                            "mean": 255.5079324637574,
                            "variance": 50915.86679729819,
                            "skewness": 0.6369054055015938,
                            "kurtosis": -0.4464341829607572
                        }
                    },
                    "causes": []
                }
            ]
        }
    ]
}