{
    "what": "cycle time changed!",
    "how": {
        "reference": {
            "nobs": 1387,
            "minmax": [
                462.127132,
                1909.172283
            ],
            "mean": 969.9921534679163,
            "variance": 81081.98402724824,
            "skewness": 0.41584005107948585,
            "kurtosis": -0.2342656049593157
        },
        "running": {
            "nobs": 1371,
            "minmax": [
                421.407635,
                1675.595186
            ],
            "mean": 890.9492468614148,
            "variance": 63256.680063768355,
            "skewness": 0.49074197865087915,
            "kurtosis": -0.4933915400917481
        }
    },
    "causes": [
        {
            "what": "waiting time changed!",
            "how": {
                "reference": {
                    "nobs": 1387,
                    "minmax": [
                        0.0,
                        1272.720365
                    ],
                    "mean": 369.8886784621485,
                    "variance": 77753.72476029236,
                    "skewness": 0.471052873554226,
                    "kurtosis": -0.23396778645162053
                },
                "running": {
                    "nobs": 1371,
                    "minmax": [
                        0.0,
                        1056.474899
                    ],
                    "mean": 292.971158491612,
                    "variance": 59755.001816959346,
                    "skewness": 0.5376019478614299,
                    "kurtosis": -0.5523852882018789
                }
            },
            "causes": [
                {
                    "what": "waiting time due to resource contention changed!",
                    "how": {
                        "reference": {
                            "nobs": 1387,
                            "minmax": [
                                0.0,
                                1272.720365
                            ],
                            "mean": 346.5311945501081,
                            "variance": 75417.56016341978,
                            "skewness": 0.5356946244424693,
                            "kurtosis": -0.1886778210718676
                        },
                        "running": {
                            "nobs": 1371,
                            "minmax": [
                                0.0,
                                1031.760303
                            ],
                            "mean": 278.1184172027717,
                            "variance": 56607.67776607729,
                            "skewness": 0.5795478508939593,
                            "kurtosis": -0.502249395134962
                        }
                    },
                    "causes": []
                }
            ]
        }
    ]
}