{
    "what": "cycle time changed!",
    "how": {
        "reference": {
            "nobs": 1375,
            "minmax": [
                423.10019,
                1715.289215
            ],
            "mean": 882.3008634101818,
            "variance": 74006.40274126294,
            "skewness": 0.6102340047121556,
            "kurtosis": -0.530764528306575
        },
        "running": {
            "nobs": 1361,
            "minmax": [
                450.406413,
                2033.848847
            ],
            "mean": 930.8564314709772,
            "variance": 88472.52969270527,
            "skewness": 0.7724126729027517,
            "kurtosis": 0.23423957910914162
        }
    },
    "causes": [
        {
            "what": "waiting time changed!",
            "how": {
                "reference": {
                    "nobs": 1375,
                    "minmax": [
                        0.0,
                        1086.800967
                    ],
                    "mean": 282.1306474749091,
                    "variance": 71552.06637640997,
                    "skewness": 0.6629876358168989,
                    "kurtosis": -0.5832941187384693
                },
                "running": {
                    "nobs": 1361,
                    "minmax": [
                        0.0,
                        1379.177833
                    ],
                    "mean": 331.6718049860397,
                    "variance": 86457.43991919603,
                    "skewness": 0.8230379649747552,
                    "kurtosis": 0.2453663206197243
                }
            },
            "causes": [
                {
                    "what": "waiting time due to resource contention changed!",
                    "how": {
                        "reference": {
                            "nobs": 1375,
                            "minmax": [
                                0.0,
                                1086.800967
                            ],
                            "mean": 265.8653170378182,
                            "variance": 67452.52852082076,
                            "skewness": 0.73193726363769,
                            "kurtosis": -0.4462974699240778
                        },
                        "running": {
                            "nobs": 1361,
                            "minmax": [
                                0.0,
                                1379.177833
                            ],
                            "mean": 312.6050366318883,
                            "variance": 81375.44351445364,
                            "skewness": 0.8871062604920125,
                            "kurtosis": 0.41871458453136867
                        }
                    },
                    "causes": []
                }
            ]
        }
    ]
}