{
    "what": "cycle time changed!",
    "how": {
        "reference": {
            "nobs": 1401,
            "minmax": [
                431.337238,
                1881.466902
            ],
            "mean": 1023.517123917202,
            "variance": 81914.31010710483,
            "skewness": 0.09667903493092113,
            "kurtosis": -0.5783944142193844
        },
        "running": {
            "nobs": 1375,
            "minmax": [
                457.086929,
                1678.704184
            ],
            "mean": 865.496382112,
            "variance": 69552.91568049708,
            "skewness": 0.6020682939340256,
            "kurtosis": -0.6459966553206291
        }
    },
    "causes": [
        {
            "what": "waiting time changed!",
            "how": {
                "reference": {
                    "nobs": 1401,
                    "minmax": [
                        0.0,
                        1198.051684
                    ],
                    "mean": 423.0016535217701,
                    "variance": 79721.87343278456,
                    "skewness": 0.12083870062990279,
                    "kurtosis": -0.6525775529410547
                },
                "running": {
                    "nobs": 1375,
                    "minmax": [
                        0.0,
                        1080.927985
                    ],
                    "mean": 267.76640573963635,
                    "variance": 66272.16790458691,
                    "skewness": 0.6583265116825829,
                    "kurtosis": -0.6436413082045478
                }
            },
            "causes": [
                {
                    "what": "waiting time due to resource contention changed!",
                    "how": {
                        "reference": {
                            "nobs": 1401,
                            "minmax": [
                                0.0,
                                1198.051684
                            ],
                            "mean": 396.6666636545325,
                            "variance": 80095.5638398721,
                            "skewness": 0.21607189384993084,
                            "kurtosis": -0.6478341968966759
                        },
                        "running": {
                            "nobs": 1375,
                            "minmax": [
                                0.0,
                                1080.927985
                            ],
                            "mean": 250.26178577018183,
                            "variance": 61502.55829149382,
                            "skewness": 0.7437330034856763,
                            "kurtosis": -0.4457800276434316
                        }
                    },
                    "causes": []
                }
            ]
        }
    ]
}