{
    "what": "cycle time changed!",
    "how": {
        "reference": {
            "nobs": 1383,
            "minmax": [
                441.399705,
                1615.981834
            ],
            "mean": 903.6034913391177,
            "variance": 62820.22646039872,
            "skewness": 0.25983460883562354,
            "kurtosis": -0.977094994100554
        },
        "running": {
            "nobs": 1382,
            "minmax": [
                460.151976,
                1913.531491
            ],
            "mean": 945.3771928494936,
            "variance": 87575.86915002581,
            "skewness": 0.49945195887470933,
            "kurtosis": -0.5339613559956975
        }
    },
    "causes": [
        {
            "what": "waiting time changed!",
            "how": {
                "reference": {
                    "nobs": 1383,
                    "minmax": [
                        0.0,
                        997.475985
                    ],
                    "mean": 302.4648484540853,
                    "variance": 60267.675091124824,
                    "skewness": 0.2949846106048156,
                    "kurtosis": -1.0521829280453472
                },
                "running": {
                    "nobs": 1382,
                    "minmax": [
                        0.0,
                        1266.975886
                    ],
                    "mean": 344.8109461649783,
                    "variance": 84404.45829766424,
                    "skewness": 0.5267727627053426,
                    "kurtosis": -0.5626349630983913
                }
            },
            "causes": []
        }
    ]
}