{
    "what": "cycle time changed!",
    "how": {
        "reference": {
            "nobs": 1393,
            "minmax": [
                454.496675,
                2504.820607
            ],
            "mean": 978.1898085915291,
            "variance": 179535.92930020305,
            "skewness": 1.394479939690427,
            "kurtosis": 1.5036708278049913
        },
        "running": {
            "nobs": 1377,
            "minmax": [
                441.032185,
                1776.437546
            ],
            "mean": 884.7762418061001,
            "variance": 58750.22501079875,
            "skewness": 0.6716677139048226,
            "kurtosis": 0.3015922962743618
        }
    },
    "causes": [
        {
            "what": "waiting time changed!",
            "how": {
                "reference": {
                    "nobs": 1393,
                    "minmax": [
                        0.0,
                        1947.17055
                    ],
                    "mean": 376.9301743029432,
                    "variance": 174940.79245894286,
                    "skewness": 1.4284703526477704,
                    "kurtosis": 1.5620067734081635
                },
                "running": {
                    "nobs": 1377,
                    "minmax": [
                        0.0,
                        1185.653242
                    ],
                    "mean": 286.1648719237473,
                    "variance": 56891.0301809202,
                    "skewness": 0.7013848366813172,
                    "kurtosis": 0.2099073826722142
                }
            },
            "causes": [
                {
                    "what": "waiting time due to resource contention changed!",
                    "how": {
                        "reference": {
                            "nobs": 1393,
                            "minmax": [
                                0.0,
                                1947.17055
                            ],
                            "mean": 356.7814709583633,
                            "variance": 162790.86809231332,
                            "skewness": 1.5107716504643707,
                            "kurtosis": 1.9592125036344914
                        },
                        "running": {
                            "nobs": 1377,
                            "minmax": [
                                0.0,
                                1185.653242
                            ],
                            "mean": 277.16927951561365,
                            "variance": 54647.54670976032,
                            "skewness": 0.7055016146386103,
                            "kurtosis": 0.21998955628099193
                        }
                    },
                    "causes": []
                }
            ]
        }
    ]
}