{
    "what": "cycle time changed!",
    "how": {
        "reference": {
            "nobs": 1338,
            "minmax": [
                431.059884,
                1766.461822
            ],
            "mean": 818.8439273841554,
            "variance": 52442.18382464434,
            "skewness": 0.8656763225424022,
            "kurtosis": 0.5001607926007128
        },
        "running": {
            "nobs": 1380,
            "minmax": [
                441.427582,
                1792.136234
            ],
            "mean": 991.6298420036231,
            "variance": 86051.83457428505,
            "skewness": 0.17765571468069652,
            "kurtosis": -0.7763831926375815
        }
    },
    "causes": [
        {
            "what": "waiting time changed!",
            "how": {
                "reference": {
                    "nobs": 1338,
                    "minmax": [
                        0.0,
                        1129.995803
                    ],
                    "mean": 220.07128109192826,
                    "variance": 48302.5608929879,
                    "skewness": 0.9523152204983418,
                    "kurtosis": 0.5775382984047135
                },
                "running": {
                    "nobs": 1380,
                    "minmax": [
                        0.0,
                        1187.34008
                    ],
                    "mean": 390.6279991376811,
                    "variance": 83679.91033451275,
                    "skewness": 0.23218270790414844,
                    "kurtosis": -0.7984373583612707
                }
            },
            "causes": [
                {
                    "what": "waiting time due to batching changed!",
                    "how": {
                        "reference": {
                            "nobs": 1338,
                            "minmax": [
                                0.0,
                                685.53641
                            ],
                            "mean": 6.139790998505231,
                            "variance": 3278.613695707016,
                            "skewness": 9.754997117223922,
                            "kurtosis": 96.3504232577159
                        },
                        "running": {
                            "nobs": 1380,
                            "minmax": [
                                0.0,
                                883.539242
                            ],
                            "mean": 29.676122320289853,
                            "variance": 16846.78249623413,
                            "skewness": 4.330382979137149,
                            "kurtosis": 17.566515152357525
                        }
                    },
                    "causes": []
                },
                {
                    "what": "waiting time due to resource contention changed!",
                    "how": {
                        "reference": {
                            "nobs": 1338,
                            "minmax": [
                                0.0,
                                1129.995803
                            ],
                            "mean": 213.93149009342304,
                            "variance": 46511.10439642783,
                            "skewness": 0.9661107559010172,
                            "kurtosis": 0.6354675090604385
                        },
                        "running": {
                            "nobs": 1380,
                            "minmax": [
                                0.0,
                                1187.34008
                            ],
                            "mean": 360.95187681739134,
                            "variance": 80729.15919862228,
                            "skewness": 0.33867373841791143,
                            "kurtosis": -0.7392282095268197
                        }
                    },
                    "causes": []
                }
            ]
        }
    ]
}