{
    "what": "cycle time changed!",
    "how": {
        "reference": {
            "nobs": 1388,
            "minmax": [
                431.337238,
                1881.466902
            ],
            "mean": 1001.5296016628241,
            "variance": 84475.44668843654,
            "skewness": 0.21326061403245763,
            "kurtosis": -0.6018536639582117
        },
        "running": {
            "nobs": 1386,
            "minmax": [
                431.337238,
                1881.466902
            ],
            "mean": 944.1433247929292,
            "variance": 92427.40096387338,
            "skewness": 0.49818261716232104,
            "kurtosis": -0.5972634115391693
        }
    },
    "causes": [
        {
            "what": "waiting time changed!",
            "how": {
                "reference": {
                    "nobs": 1388,
                    "minmax": [
                        0.0,
                        1198.051684
                    ],
                    "mean": 401.8184488551873,
                    "variance": 81698.88105482903,
                    "skewness": 0.24337474569271317,
                    "kurtosis": -0.6539803431208213
                },
                "running": {
                    "nobs": 1386,
                    "minmax": [
                        0.0,
                        1198.051684
                    ],
                    "mean": 342.7216410238095,
                    "variance": 88910.81994640773,
                    "skewness": 0.5479789015931609,
                    "kurtosis": -0.5981705679798734
                }
            },
            "causes": [
                {
                    "what": "waiting time due to resource contention changed!",
                    "how": {
                        "reference": {
                            "nobs": 1388,
                            "minmax": [
                                0.0,
                                1198.051684
                            ],
                            "mean": 379.8465212427954,
                            "variance": 80639.9451944504,
                            "skewness": 0.32414846006342884,
                            "kurtosis": -0.5973448786101829
                        },
                        "running": {
                            "nobs": 1386,
                            "minmax": [
                                0.0,
                                1198.051684
                            ],
                            "mean": 321.4155009184704,
                            "variance": 86193.31948279637,
                            "skewness": 0.6521337392934938,
                            "kurtosis": -0.43587877484185533
                        }
                    },
                    "causes": []
                }
            ]
        }
    ]
}