{
    "what": "cycle time changed!",
    "how": {
        "reference": {
            "nobs": 1381,
            "minmax": [
                466.556006,
                2270.9294
            ],
            "mean": 950.6734524098479,
            "variance": 135352.39945024395,
            "skewness": 1.1987437945143204,
            "kurtosis": 1.1568941888597113
        },
        "running": {
            "nobs": 1374,
            "minmax": [
                420.817417,
                1967.052402
            ],
            "mean": 887.422750904658,
            "variance": 75844.98761286239,
            "skewness": 0.6574085646797605,
            "kurtosis": -0.20878748859769036
        }
    },
    "causes": [
        {
            "what": "waiting time changed!",
            "how": {
                "reference": {
                    "nobs": 1381,
                    "minmax": [
                        0.0,
                        1658.213386
                    ],
                    "mean": 348.902792211441,
                    "variance": 131417.55063496612,
                    "skewness": 1.2401092386362182,
                    "kurtosis": 1.2268370066107366
                },
                "running": {
                    "nobs": 1374,
                    "minmax": [
                        0.0,
                        1224.979102
                    ],
                    "mean": 287.0155792983988,
                    "variance": 72589.56553595852,
                    "skewness": 0.672076759624259,
                    "kurtosis": -0.36132283078651595
                }
            },
            "causes": []
        }
    ]
}