{
    "what": "cycle time changed!",
    "how": {
        "reference": {
            "nobs": 1380,
            "minmax": [
                439.577946,
                1889.89305
            ],
            "mean": 954.8225472630435,
            "variance": 84153.51053382477,
            "skewness": 0.6155171189030648,
            "kurtosis": -0.01857948577438151
        },
        "running": {
            "nobs": 1391,
            "minmax": [
                451.557824,
                2362.706474
            ],
            "mean": 1011.6681210359453,
            "variance": 124472.97508031022,
            "skewness": 0.9261566157986022,
            "kurtosis": 1.1411858092248721
        }
    },
    "causes": [
        {
            "what": "waiting time changed!",
            "how": {
                "reference": {
                    "nobs": 1380,
                    "minmax": [
                        0.0,
                        1253.195706
                    ],
                    "mean": 353.9584492275362,
                    "variance": 80507.81420055921,
                    "skewness": 0.6479316275864715,
                    "kurtosis": -0.03801370098597179
                },
                "running": {
                    "nobs": 1391,
                    "minmax": [
                        0.0,
                        1754.847218
                    ],
                    "mean": 411.49561240402585,
                    "variance": 118910.1267742515,
                    "skewness": 0.9755287778081526,
                    "kurtosis": 1.2198524782647677
                }
            },
            "causes": [
                {
                    "what": "waiting time due to resource contention changed!",
                    "how": {
                        "reference": {
                            "nobs": 1380,
                            "minmax": [
                                0.0,
                                1253.195706
                            ],
                            "mean": 328.5059852072464,
                            "variance": 75763.61532503086,
                            "skewness": 0.7418825202673879,
                            "kurtosis": 0.1791139899689509
                        },
                        "running": {
                            "nobs": 1391,
                            "minmax": [
                                0.0,
                                1754.847218
                            ],
                            "mean": 382.2231998533429,
                            "variance": 112096.1974848062,
                            "skewness": 1.0315958950279212,
                            "kurtosis": 1.4215212308268352
                        }
                    },
                    "causes": []
                }
            ]
        }
    ]
}