{
    "what": "cycle time changed!",
    "how": {
        "reference": {
            "nobs": 1360,
            "minmax": [
                438.85569,
                1666.974071
            ],
            "mean": 875.1822429683823,
            "variance": 73177.22741750251,
            "skewness": 0.5695573602297622,
            "kurtosis": -0.6190387542006763
        },
        "running": {
            "nobs": 1363,
            "minmax": [
                438.85569,
                1745.127503
            ],
            "mean": 948.1607000300806,
            "variance": 74339.8112115164,
            "skewness": 0.2951052130936655,
            "kurtosis": -0.6797221077784519
        }
    },
    "causes": [
        {
            "what": "waiting time changed!",
            "how": {
                "reference": {
                    "nobs": 1360,
                    "minmax": [
                        0.0,
                        1044.706607
                    ],
                    "mean": 277.00711164485296,
                    "variance": 68485.9134998489,
                    "skewness": 0.6086868358290475,
                    "kurtosis": -0.7200372806310535
                },
                "running": {
                    "nobs": 1363,
                    "minmax": [
                        0.0,
                        1115.381975
                    ],
                    "mean": 350.38416952531185,
                    "variance": 70828.10615345485,
                    "skewness": 0.3163898464279337,
                    "kurtosis": -0.7427481217932379
                }
            },
            "causes": [
                {
                    "what": "waiting time due to resource contention changed!",
                    "how": {
                        "reference": {
                            "nobs": 1360,
                            "minmax": [
                                0.0,
                                1044.706607
                            ],
                            "mean": 262.5466124904412,
                            "variance": 64922.47104022751,
                            "skewness": 0.686169915035711,
                            "kurtosis": -0.5621531797873054
                        },
                        "running": {
                            "nobs": 1363,
                            "minmax": [
                                0.0,
                                1045.425022
                            ],
                            "mean": 331.8205959134263,
                            "variance": 68275.09614659371,
                            "skewness": 0.3768152834031645,
                            "kurtosis": -0.708265281345068
                        }
                    },
                    "causes": []
                },
                {
                    "what": "waiting time due to extraneous delays changed!",
                    "how": {
                        "reference": {
                            "nobs": 1360,
                            "minmax": [
                                0.0,
                                0.0
                            ],
                            "mean": 0.0,
                            "variance": 0.0,
                            "skewness": NaN,
                            "kurtosis": NaN
                        },
                        "running": {
                            "nobs": 1363,
                            "minmax": [
                                0.0,
                                545.371041
                            ],
                            "mean": 0.4001254886280264,
                            "variance": 218.21685426370047,
                            "skewness": 36.87818778376171,
                            "kurtosis": 1358.000734214389
                        }
                    },
                    "causes": []
                }
            ]
        }
    ]
}