{
    "what": "cycle time changed!",
    "how": {
        "reference": {
            "nobs": 1398,
            "minmax": [
                421.407635,
                2504.820607
            ],
            "mean": 1010.2878974828325,
            "variance": 174689.16551295837,
            "skewness": 1.310468015337264,
            "kurtosis": 1.3033869162737401
        },
        "running": {
            "nobs": 1360,
            "minmax": [
                462.798544,
                1647.610242
            ],
            "mean": 838.0551229330882,
            "variance": 50506.17671557096,
            "skewness": 0.5487719475321905,
            "kurtosis": -0.4254783159163016
        }
    },
    "causes": [
        {
            "what": "waiting time changed!",
            "how": {
                "reference": {
                    "nobs": 1398,
                    "minmax": [
                        0.0,
                        1947.17055
                    ],
                    "mean": 409.7341394742489,
                    "variance": 169669.82762385148,
                    "skewness": 1.3492141328799627,
                    "kurtosis": 1.3663647500265599
                },
                "running": {
                    "nobs": 1360,
                    "minmax": [
                        0.0,
                        995.976258
                    ],
                    "mean": 236.40940576323533,
                    "variance": 47364.00678211118,
                    "skewness": 0.5700053208748221,
                    "kurtosis": -0.6082023586363023
                }
            },
            "causes": [
                {
                    "what": "waiting time due to resource contention changed!",
                    "how": {
                        "reference": {
                            "nobs": 1398,
                            "minmax": [
                                0.0,
                                1947.17055
                            ],
                            "mean": 387.43132848783983,
                            "variance": 158033.13842719965,
                            "skewness": 1.437489297438806,
                            "kurtosis": 1.7718794425487765
                        },
                        "running": {
                            "nobs": 1360,
                            "minmax": [
                                0.0,
                                995.976258
                            ],
                            "mean": 228.02120906029415,
                            "variance": 45689.66455113564,
                            "skewness": 0.600913972479277,
                            "kurtosis": -0.5655737803858489
                        }
                    },
                    "causes": []
                }
            ]
        }
    ]
}