{
    "what": "cycle time changed!",
    "how": {
        "reference": {
            "nobs": 1362,
            "minmax": [
                403.438409,
                1732.849152
            ],
            "mean": 859.5357894911893,
            "variance": 54163.421578477624,
            "skewness": 0.4680963042388006,
            "kurtosis": -0.5189427510497775
        },
        "running": {
            "nobs": 1374,
            "minmax": [
                403.438409,
                1792.136234
            ],
            "mean": 966.0944599672489,
            "variance": 89427.04444944943,
            "skewness": 0.3054316873026622,
            "kurtosis": -0.7976235801629641
        }
    },
    "causes": [
        {
            "what": "waiting time changed!",
            "how": {
                "reference": {
                    "nobs": 1362,
                    "minmax": [
                        0.0,
                        1117.427411
                    ],
                    "mean": 258.39997180543315,
                    "variance": 50612.50915047671,
                    "skewness": 0.5798349087166802,
                    "kurtosis": -0.5289744319082601
                },
                "running": {
                    "nobs": 1374,
                    "minmax": [
                        0.0,
                        1187.34008
                    ],
                    "mean": 364.98903636535664,
                    "variance": 87647.27580662275,
                    "skewness": 0.36500185737609364,
                    "kurtosis": -0.8124062241004548
                }
            },
            "causes": [
                {
                    "what": "waiting time due to batching changed!",
                    "how": {
                        "reference": {
                            "nobs": 1362,
                            "minmax": [
                                0.0,
                                865.123504
                            ],
                            "mean": 9.001162218795889,
                            "variance": 5424.044565968615,
                            "skewness": 8.440640222599875,
                            "kurtosis": 72.63139590404413
                        },
                        "running": {
                            "nobs": 1374,
                            "minmax": [
                                0.0,
                                883.539242
                            ],
                            "mean": 28.22164602983988,
                            "variance": 16351.6383449043,
                            "skewness": 4.493513380122474,
                            "kurtosis": 19.107024453129398
                        }
                    },
                    "causes": []
                },
                {
                    "what": "waiting time due to resource contention changed!",
                    "how": {
                        "reference": {
                            "nobs": 1362,
                            "minmax": [
                                0.0,
                                1117.427411
                            ],
                            "mean": 249.3988095866373,
                            "variance": 49044.124644209944,
                            "skewness": 0.609828440203526,
                            "kurtosis": -0.4999395351726559
                        },
                        "running": {
                            "nobs": 1374,
                            "minmax": [
                                0.0,
                                1187.34008
                            ],
                            "mean": 336.7673903355167,
                            "variance": 82690.43125274286,
                            "skewness": 0.47225322471057496,
                            "kurtosis": -0.6912130865864334
                        }
                    },
                    "causes": []
                }
            ]
        }
    ]
}