{
    "what": "cycle time changed!",
    "how": {
        "reference": {
            "nobs": 1378,
            "minmax": [
                458.148594,
                1816.633431
            ],
            "mean": 914.156539859942,
            "variance": 85321.57387013052,
            "skewness": 0.5872796366938238,
            "kurtosis": -0.44459398452659604
        },
        "running": {
            "nobs": 1349,
            "minmax": [
                413.326137,
                1899.046589
            ],
            "mean": 869.0840167657524,
            "variance": 74436.41794148929,
            "skewness": 0.7386991672482309,
            "kurtosis": -0.07888920766578478
        }
    },
    "causes": [
        {
            "what": "waiting time changed!",
            "how": {
                "reference": {
                    "nobs": 1378,
                    "minmax": [
                        0.0,
                        1224.757879
                    ],
                    "mean": 316.8323422619739,
                    "variance": 82118.95312897986,
                    "skewness": 0.62955801596282,
                    "kurtosis": -0.47042805908369534
                },
                "running": {
                    "nobs": 1349,
                    "minmax": [
                        0.0,
                        1179.912809
                    ],
                    "mean": 269.3410692816901,
                    "variance": 69983.84756386976,
                    "skewness": 0.7242393074379658,
                    "kurtosis": -0.32082649822111486
                }
            },
            "causes": []
        }
    ]
}