{
    "what": "cycle time changed!",
    "how": {
        "reference": {
            "nobs": 1364,
            "minmax": [
                439.310068,
                1763.652648
            ],
            "mean": 862.9073957903225,
            "variance": 63474.92717059475,
            "skewness": 0.785531513136386,
            "kurtosis": 0.15596845467929166
        },
        "running": {
            "nobs": 1366,
            "minmax": [
                404.119584,
                1861.727718
            ],
            "mean": 901.3624743748169,
            "variance": 90695.84624406483,
            "skewness": 0.6888724150675276,
            "kurtosis": -0.5090563191395572
        }
    },
    "causes": [
        {
            "what": "waiting time changed!",
            "how": {
                "reference": {
                    "nobs": 1364,
                    "minmax": [
                        0.0,
                        1140.782196
                    ],
                    "mean": 263.4850058027859,
                    "variance": 60361.98830423603,
                    "skewness": 0.8301121332385514,
                    "kurtosis": 0.14138672919294315
                },
                "running": {
                    "nobs": 1366,
                    "minmax": [
                        0.0,
                        1199.332164
                    ],
                    "mean": 302.427350863104,
                    "variance": 88460.38288892625,
                    "skewness": 0.7460698785404906,
                    "kurtosis": -0.46596121034133997
                }
            },
            "causes": []
        }
    ]
}