{
    "what": "cycle time changed!",
    "how": {
        "reference": {
            "nobs": 1371,
            "minmax": [
                446.609543,
                1654.494847
            ],
            "mean": 918.9158752312181,
            "variance": 71515.15320213015,
            "skewness": 0.33576851559458626,
            "kurtosis": -0.7883090910258193
        },
        "running": {
            "nobs": 1390,
            "minmax": [
                460.151976,
                2085.339407
            ],
            "mean": 974.2770138482014,
            "variance": 100720.4945971964,
            "skewness": 0.5833318062405999,
            "kurtosis": -0.26035658288616137
        }
    },
    "causes": [
        {
            "what": "waiting time changed!",
            "how": {
                "reference": {
                    "nobs": 1371,
                    "minmax": [
                        0.0,
                        1032.883092
                    ],
                    "mean": 318.9551703982495,
                    "variance": 68670.77777881458,
                    "skewness": 0.3689656755306418,
                    "kurtosis": -0.8689807181260378
                },
                "running": {
                    "nobs": 1390,
                    "minmax": [
                        0.0,
                        1410.620024
                    ],
                    "mean": 373.5210711503597,
                    "variance": 97216.31178033428,
                    "skewness": 0.6074346488313751,
                    "kurtosis": -0.29240196080312675
                }
            },
            "causes": [
                {
                    "what": "waiting time due to resource contention changed!",
                    "how": {
                        "reference": {
                            "nobs": 1371,
                            "minmax": [
                                0.0,
                                1032.883092
                            ],
                            "mean": 300.7541305492341,
                            "variance": 66114.1396441879,
                            "skewness": 0.45357067277598795,
                            "kurtosis": -0.7795990400221555
                        },
                        "running": {
                            "nobs": 1390,
                            "minmax": [
                                0.0,
                                1410.620024
                            ],
                            "mean": 346.3631818820144,
                            "variance": 92260.52053250597,
                            "skewness": 0.7299227545333861,
                            "kurtosis": -0.050764513406523104
                        }
                    },
                    "causes": []
                }
            ]
        }
    ]
}