{
    "what": "cycle time changed!",
    "how": {
        "reference": {
            "nobs": 1381,
            "minmax": [
                430.896038,
                1832.730079
            ],
            "mean": 917.3378783323678,
            "variance": 86354.61877463164,
            "skewness": 0.6716106830144708,
            "kurtosis": -0.3661964167025755
        },
        "running": {
            "nobs": 1388,
            "minmax": [
                458.876393,
                1808.148332
            ],
            "mean": 989.9529579740635,
            "variance": 92653.84148515933,
            "skewness": 0.23482147266051057,
            "kurtosis": -0.9420411999935552
        }
    },
    "causes": [
        {
            "what": "waiting time changed!",
            "how": {
                "reference": {
                    "nobs": 1381,
                    "minmax": [
                        0.0,
                        1227.932994
                    ],
                    "mean": 318.9660014243302,
                    "variance": 83844.91542707656,
                    "skewness": 0.7297632338806046,
                    "kurtosis": -0.3727823476450385
                },
                "running": {
                    "nobs": 1388,
                    "minmax": [
                        0.0,
                        1241.166514
                    ],
                    "mean": 389.26788970028815,
                    "variance": 89263.51772642671,
                    "skewness": 0.25784694234906824,
                    "kurtosis": -0.9824613238414543
                }
            },
            "causes": [
                {
                    "what": "waiting time due to resource contention changed!",
                    "how": {
                        "reference": {
                            "nobs": 1381,
                            "minmax": [
                                0.0,
                                1227.932994
                            ],
                            "mean": 294.7731433207821,
                            "variance": 76932.54389392195,
                            "skewness": 0.8282676742860626,
                            "kurtosis": -0.12770724929277044
                        },
                        "running": {
                            "nobs": 1388,
                            "minmax": [
                                0.0,
                                1241.166514
                            ],
                            "mean": 354.91176634510083,
                            "variance": 85532.8485083058,
                            "skewness": 0.41488534251021353,
                            "kurtosis": -0.8474116487941861
                        }
                    },
                    "causes": []
                }
            ]
        }
    ]
}