{
    "what": "cycle time changed!",
    "how": {
        "reference": {
            "nobs": 2767,
            "minmax": [
                431.337238,
                1881.466902
            ],
            "mean": 951.1303007726781,
            "variance": 78255.65976678951,
            "skewness": 0.3100490982786178,
            "kurtosis": -0.6611668393536578
        },
        "running": {
            "nobs": 2736,
            "minmax": [
                413.326137,
                2270.9294
            ],
            "mean": 915.7284312693714,
            "variance": 108889.05341387831,
            "skewness": 1.151591823657675,
            "kurtosis": 1.3273561670241651
        }
    },
    "causes": [
        {
            "what": "waiting time changed!",
            "how": {
                "reference": {
                    "nobs": 2767,
                    "minmax": [
                        0.0,
                        1198.051684
                    ],
                    "mean": 350.7422093726057,
                    "variance": 75232.49106572605,
                    "skewness": 0.3510452908328025,
                    "kurtosis": -0.697519572735489
                },
                "running": {
                    "nobs": 2736,
                    "minmax": [
                        0.0,
                        1658.213386
                    ],
                    "mean": 314.4707755032895,
                    "variance": 104578.02192859331,
                    "skewness": 1.1881098184061805,
                    "kurtosis": 1.3960547767435099
                }
            },
            "causes": [
                {
                    "what": "waiting time due to resource contention changed!",
                    "how": {
                        "reference": {
                            "nobs": 2767,
                            "minmax": [
                                0.0,
                                1198.051684
                            ],
                            "mean": 330.53487654716304,
                            "variance": 73564.16039760341,
                            "skewness": 0.43378443500105635,
                            "kurtosis": -0.6171055864754709
                        },
                        "running": {
                            "nobs": 2736,
                            "minmax": [
                                0.0,
                                1658.213386
                            ],
                            "mean": 295.0938463238304,
                            "variance": 93305.70957933704,
                            "skewness": 1.1661063762744817,
                            "kurtosis": 1.3709634716219803
                        }
                    },
                    "causes": []
                }
            ]
        }
    ]
}