{
    "what": "cycle time changed!",
    "how": {
        "reference": {
            "nobs": 2757,
            "minmax": [
                441.032185,
                1808.148332
            ],
            "mean": 945.3756150732679,
            "variance": 87184.8960533589,
            "skewness": 0.4589344885738903,
            "kurtosis": -0.693362223749252
        },
        "running": {
            "nobs": 2722,
            "minmax": [
                403.438409,
                1766.461822
            ],
            "mean": 876.451500710507,
            "variance": 68924.39587786297,
            "skewness": 0.5810385541162684,
            "kurtosis": -0.4630627194402317
        }
    },
    "causes": [
        {
            "what": "waiting time changed!",
            "how": {
                "reference": {
                    "nobs": 2757,
                    "minmax": [
                        0.0,
                        1241.166514
                    ],
                    "mean": 344.7870426829887,
                    "variance": 84339.73166375078,
                    "skewness": 0.4852170107961623,
                    "kurtosis": -0.7389503323284554
                },
                "running": {
                    "nobs": 2722,
                    "minmax": [
                        0.0,
                        1129.995803
                    ],
                    "mean": 275.57297011094784,
                    "variance": 64897.676193776875,
                    "skewness": 0.6517563777596829,
                    "kurtosis": -0.48604880248384985
                }
            },
            "causes": [
                {
                    "what": "waiting time due to batching changed!",
                    "how": {
                        "reference": {
                            "nobs": 2757,
                            "minmax": [
                                0.0,
                                1072.173754
                            ],
                            "mean": 28.61065495756257,
                            "variance": 16462.13569629016,
                            "skewness": 4.459977548710522,
                            "kurtosis": 18.89326241383677
                        },
                        "running": {
                            "nobs": 2722,
                            "minmax": [
                                0.0,
                                915.67655
                            ],
                            "mean": 17.526951394195443,
                            "variance": 10494.874939902498,
                            "skewness": 5.972363561255891,
                            "kurtosis": 35.367255316523
                        }
                    },
                    "causes": []
                },
                {
                    "what": "waiting time due to resource contention changed!",
                    "how": {
                        "reference": {
                            "nobs": 2757,
                            "minmax": [
                                0.0,
                                1241.166514
                            ],
                            "mean": 316.1763877254262,
                            "variance": 78545.76496752702,
                            "skewness": 0.6169754078933307,
                            "kurtosis": -0.5232313942101987
                        },
                        "running": {
                            "nobs": 2722,
                            "minmax": [
                                0.0,
                                1129.995803
                            ],
                            "mean": 258.04601871675237,
                            "variance": 60760.08057765182,
                            "skewness": 0.7288234977672374,
                            "kurtosis": -0.32498872753803365
                        }
                    },
                    "causes": []
                }
            ]
        }
    ]
}