{
    "what": "cycle time changed!",
    "how": {
        "reference": {
            "nobs": 1370,
            "minmax": [
                403.340444,
                801.879766
            ],
            "mean": 599.1077270985401,
            "variance": 3379.3464114066333,
            "skewness": -0.02184954596608548,
            "kurtosis": -0.07462699606008805
        },
        "running": {
            "nobs": 1372,
            "minmax": [
                450.406413,
                2033.848847
            ],
            "mean": 941.9350351071428,
            "variance": 85660.33818671937,
            "skewness": 0.7281133599711899,
            "kurtosis": 0.2686129737873557
        }
    },
    "causes": [
        {
            "what": "waiting time changed!",
            "how": {
                "reference": {
                    "nobs": 1370,
                    "minmax": [
                        0.0,
                        0.0
                    ],
                    "mean": 0.0,
                    "variance": 0.0,
                    "skewness": NaN,
                    "kurtosis": NaN
                },
                "running": {
                    "nobs": 1372,
                    "minmax": [
                        0.0,
                        1379.177833
                    ],
                    "mean": 343.5750748287172,
                    "variance": 82948.49666134611,
                    "skewness": 0.7934864992131554,
                    "kurtosis": 0.30645500857041696
                }
            },
            "causes": [
                {
                    "what": "waiting time due to batching changed!",
                    "how": {
                        "reference": {
                            "nobs": 1370,
                            "minmax": [
                                0.0,
                                0.0
                            ],
                            "mean": 0.0,
                            "variance": 0.0,
                            "skewness": NaN,
                            "kurtosis": NaN
                        },
                        "running": {
                            "nobs": 1372,
                            "minmax": [
                                0.0,
                                1061.408632
                            ],
                            "mean": 18.913900677842566,
                            "variance": 11324.349386722222,
                            "skewness": 5.94829524849471,
                            "kurtosis": 36.41427822420044
                        }
                    },
                    "causes": []
                },
                {
                    "what": "waiting time due to resource contention changed!",
                    "how": {
                        "reference": {
                            "nobs": 1370,
                            "minmax": [
                                0.0,
                                0.0
                            ],
                            "mean": 0.0,
                            "variance": 0.0,
                            "skewness": NaN,
                            "kurtosis": NaN
                        },
                        "running": {
                            "nobs": 1372,
                            "minmax": [
                                0.0,
                                1379.177833
                            ],
                            "mean": 324.6611741508747,
                            "variance": 78360.77123268992,
                            "skewness": 0.8486998847672842,
                            "kurtosis": 0.45794295878796554
                        }
                    },
                    "causes": []
                }
            ]
        }
    ]
}