{
    "what": "cycle time changed!",
    "how": {
        "reference": {
            "nobs": 1362,
            "minmax": [
                442.572655,
                1989.363449
            ],
            "mean": 939.8776050778268,
            "variance": 100259.9209716391,
            "skewness": 0.7856659294532801,
            "kurtosis": 0.056051935535125885
        },
        "running": {
            "nobs": 1355,
            "minmax": [
                462.798544,
                1647.610242
            ],
            "mean": 832.8232819269374,
            "variance": 46309.64931608658,
            "skewness": 0.5760875417732898,
            "kurtosis": -0.28156422809303416
        }
    },
    "causes": [
        {
            "what": "waiting time changed!",
            "how": {
                "reference": {
                    "nobs": 1362,
                    "minmax": [
                        0.0,
                        1386.635865
                    ],
                    "mean": 340.9167961629956,
                    "variance": 97038.06499014166,
                    "skewness": 0.8220839833424718,
                    "kurtosis": 0.10534863654105209
                },
                "running": {
                    "nobs": 1355,
                    "minmax": [
                        0.0,
                        995.976258
                    ],
                    "mean": 230.97453136605165,
                    "variance": 42941.970906948045,
                    "skewness": 0.6092054214479393,
                    "kurtosis": -0.39789719237777943
                }
            },
            "causes": [
                {
                    "what": "waiting time due to resource contention changed!",
                    "how": {
                        "reference": {
                            "nobs": 1362,
                            "minmax": [
                                0.0,
                                1362.296617
                            ],
                            "mean": 317.71564745007345,
                            "variance": 87429.17151782883,
                            "skewness": 0.8384160130450378,
                            "kurtosis": 0.17805326703559565
                        },
                        "running": {
                            "nobs": 1355,
                            "minmax": [
                                0.0,
                                995.976258
                            ],
                            "mean": 223.47742666642068,
                            "variance": 41313.14371285672,
                            "skewness": 0.6267968427252564,
                            "kurtosis": -0.3757674252851819
                        }
                    },
                    "causes": []
                }
            ]
        }
    ]
}