{
    "what": "cycle time changed!",
    "how": {
        "reference": {
            "nobs": 1385,
            "minmax": [
                430.896038,
                1832.730079
            ],
            "mean": 924.5566581220216,
            "variance": 88168.34835874036,
            "skewness": 0.5855014502196767,
            "kurtosis": -0.5085939579363683
        },
        "running": {
            "nobs": 1358,
            "minmax": [
                457.567212,
                1776.17192
            ],
            "mean": 872.3140674204714,
            "variance": 65174.72390113031,
            "skewness": 0.6449378201143282,
            "kurtosis": -0.28013580947760763
        }
    },
    "causes": [
        {
            "what": "waiting time changed!",
            "how": {
                "reference": {
                    "nobs": 1385,
                    "minmax": [
                        0.0,
                        1227.932994
                    ],
                    "mean": 326.19070386498197,
                    "variance": 85570.91693391751,
                    "skewness": 0.6395303727256889,
                    "kurtosis": -0.5239008726705459
                },
                "running": {
                    "nobs": 1358,
                    "minmax": [
                        0.0,
                        1187.152127
                    ],
                    "mean": 272.6942144712813,
                    "variance": 61360.89416477962,
                    "skewness": 0.7093733105305633,
                    "kurtosis": -0.16279811085300677
                }
            },
            "causes": []
        }
    ]
}