{
    "what": "cycle time changed!",
    "how": {
        "reference": {
            "nobs": 1363,
            "minmax": [
                359.665657,
                766.665049
            ],
            "mean": 599.169483,
            "variance": 3777.826393540721,
            "skewness": -0.05680809713043423,
            "kurtosis": -0.11181548541341035
        },
        "running": {
            "nobs": 1399,
            "minmax": [
                422.826234,
                67477.499184
            ],
            "mean": 972.3736720007148,
            "variance": 18767558.90430745,
            "skewness": 14.993920179116499,
            "kurtosis": 224.58573120925033
        }
    },
    "causes": [
        {
            "what": "waiting time changed!",
            "how": {
                "reference": {
                    "nobs": 1363,
                    "minmax": [
                        0.0,
                        0.0
                    ],
                    "mean": 0.0,
                    "variance": 0.0,
                    "skewness": NaN,
                    "kurtosis": NaN
                },
                "running": {
                    "nobs": 1399,
                    "minmax": [
                        0.0,
                        66813.363388
                    ],
                    "mean": 370.0271584052895,
                    "variance": 18750300.00284667,
                    "skewness": 14.996548581118782,
                    "kurtosis": 224.63338571464598
                }
            },
            "causes": [
                {
                    "what": "waiting time due to batching changed!",
                    "how": {
                        "reference": {
                            "nobs": 1363,
                            "minmax": [
                                0.0,
                                0.0
                            ],
                            "mean": 0.0,
                            "variance": 0.0,
                            "skewness": NaN,
                            "kurtosis": NaN
                        },
                        "running": {
                            "nobs": 1399,
                            "minmax": [
                                0.0,
                                66813.363388
                            ],
                            "mean": 370.0271584052895,
                            "variance": 18750300.00284667,
                            "skewness": 14.996548581118782,
                            "kurtosis": 224.63338571464598
                        }
                    },
                    "causes": [
                        {
                            "what": "batch creation policies changed!",
                            "how": {
                                "reference": {
                                    "(attributes.tier == REGULAR) && (activity == B) && (resource == Base profile_38)": {
                                        "true_positives": 0,
                                        "true_negatives": 1360,
                                        "false_positives": 3,
                                        "false_negatives": 0,
                                        "f1_score": 0,
                                        "classification_accuracy": 0.9977989728539985
                                    },
                                    "(activity == B) && (attributes.revenue > 92.27159) && (resource == Base profile_38)": {
                                        "true_positives": 0,
                                        "true_negatives": 1359,
                                        "false_positives": 4,
                                        "false_negatives": 0,
                                        "f1_score": 0,
                                        "classification_accuracy": 0.9970652971386648
                                    },
                                    "(attributes.revenue <= 114.80507) && (resource == Base profile_6) && (activity == B)": {
                                        "true_positives": 0,
                                        "true_negatives": 1358,
                                        "false_positives": 5,
                                        "false_negatives": 0,
                                        "f1_score": 0,
                                        "classification_accuracy": 0.9963316214233309
                                    },
                                    "(resource == Base profile_13) && (activity == B)": {
                                        "true_positives": 0,
                                        "true_negatives": 1362,
                                        "false_positives": 1,
                                        "false_negatives": 0,
                                        "f1_score": 0,
                                        "classification_accuracy": 0.9992663242846662
                                    },
                                    "(attributes.tier == REGULAR) && (resource == Base profile_13) && (activity == B)": {
                                        "true_positives": 0,
                                        "true_negatives": 1362,
                                        "false_positives": 1,
                                        "false_negatives": 0,
                                        "f1_score": 0,
                                        "classification_accuracy": 0.9992663242846662
                                    }
                                },
                                "running": {
                                    "(attributes.tier == REGULAR) && (activity == B) && (resource == Base profile_38)": {
                                        "true_positives": 10,
                                        "true_negatives": 1285,
                                        "false_positives": 4,
                                        "false_negatives": 100,
                                        "f1_score": 0.16129032258064516,
                                        "classification_accuracy": 0.9256611865618298
                                    },
                                    "(activity == B) && (attributes.revenue > 92.27159) && (resource == Base profile_38)": {
                                        "true_positives": 14,
                                        "true_negatives": 1286,
                                        "false_positives": 3,
                                        "false_negatives": 96,
                                        "f1_score": 0.22047244094488186,
                                        "classification_accuracy": 0.9292351679771265
                                    },
                                    "(attributes.revenue <= 114.80507) && (resource == Base profile_6) && (activity == B)": {
                                        "true_positives": 10,
                                        "true_negatives": 1287,
                                        "false_positives": 2,
                                        "false_negatives": 100,
                                        "f1_score": 0.1639344262295082,
                                        "classification_accuracy": 0.9270907791279486
                                    },
                                    "(resource == Base profile_13) && (activity == B)": {
                                        "true_positives": 10,
                                        "true_negatives": 1288,
                                        "false_positives": 1,
                                        "false_negatives": 100,
                                        "f1_score": 0.1652892561983471,
                                        "classification_accuracy": 0.9278055754110078
                                    },