{
    "what": "cycle time changed!",
    "how": {
        "reference": {
            "nobs": 1386,
            "minmax": [
                412.527816,
                789.008769
            ],
            "mean": 599.537458059163,
            "variance": 3521.552295863955,
            "skewness": 0.02389515470168494,
            "kurtosis": -0.18216549231315637
        },
        "running": {
            "nobs": 1383,
            "minmax": [
                386.20332,
                767.945255
            ],
            "mean": 602.8282947932031,
            "variance": 3717.7593054055574,
            "skewness": -0.018367447859040598,
            "kurtosis": -0.18522974736833042
        }
    },
    "causes": [
        {
            "what": "processing time changed!",
            "how": {
                "reference": {
                    "nobs": 1386,
                    "minmax": [
                        412.527816,
                        789.008769
                    ],
                    "mean": 599.537458059163,
                    "variance": 3521.552295863955,
                    "skewness": 0.02389515470168494,
                    "kurtosis": -0.18216549231315637
                },
                "running": {
                    "nobs": 1383,
                    "minmax": [
                        386.20332,
                        767.945255
                    ],
                    "mean": 602.8282947932031,
                    "variance": 3717.7593054055574,
                    "skewness": -0.018367447859040598,
                    "kurtosis": -0.18522974736833042
                }
            },
            "causes": [
                {
                    "what": "processing time with resources available changed!",
                    "how": {
                        "reference": {
                            "nobs": 1386,
                            "minmax": [
                                412.527816,
                                789.008769
                            ],
                            "mean": 599.537458059163,
                            "variance": 3521.552295863955,
                            "skewness": 0.02389515470168494,
                            "kurtosis": -0.18216549231315637
                        },
                        "running": {
                            "nobs": 1383,
                            "minmax": [
                                386.20332,
                                767.945255
                            ],
                            "mean": 602.8282947932031,
                            "variance": 3717.7593054055574,
                            "skewness": -0.018367447859040598,
                            "kurtosis": -0.18522974736833042
                        }
                    },
                    "causes": []
                }
            ]
        }
    ]
}