{
    "what": "cycle time changed!",
    "how": {
        "reference": {
            "nobs": 2779,
            "minmax": [
                415.246214,
                788.311134
            ],
            "mean": 601.1639833494063,
            "variance": 3651.6936020711323,
            "skewness": -0.006605017515270631,
            "kurtosis": -0.14345083632970024
        },
        "running": {
            "nobs": 2753,
            "minmax": [
                387.375202,
                67888.94643
            ],
            "mean": 1526.0658099317109,
            "variance": 47329772.41118865,
            "skewness": 9.32589108327371,
            "kurtosis": 85.58078003804876
        }
    },
    "causes": [
        {
            "what": "waiting time changed!",
            "how": {
                "reference": {
                    "nobs": 2779,
                    "minmax": [
                        0.0,
                        0.0
                    ],
                    "mean": 0.0,
                    "variance": 0.0,
                    "skewness": NaN,
                    "kurtosis": NaN
                },
                "running": {
                    "nobs": 2753,
                    "minmax": [
                        0.0,
                        67270.448021
                    ],
                    "mean": 924.7512908339994,
                    "variance": 47337607.098799676,
                    "skewness": 9.32688639431615,
                    "kurtosis": 85.59191997289327
                }
            },
            "causes": [
                {
                    "what": "waiting time due to batching changed!",
                    "how": {
                        "reference": {
                            "nobs": 2779,
                            "minmax": [
                                0.0,
                                0.0
                            ],
                            "mean": 0.0,
                            "variance": 0.0,
                            "skewness": NaN,
                            "kurtosis": NaN
                        },
                        "running": {
                            "nobs": 2753,
                            "minmax": [
                                0.0,
                                67270.448021
                            ],
                            "mean": 924.7512908339994,
                            "variance": 47337607.098799676,
                            "skewness": 9.32688639431615,
                            "kurtosis": 85.59191997289327
                        }
                    },
                    "causes": [
                        {
                            "what": "batch creation policies changed!",
                            "how": {
                                "reference": {
                                    "activity == B": {
                                        "true_positives": 0,
                                        "true_negatives": 2268,
                                        "false_positives": 511,
                                        "false_negatives": 0,
                                        "f1_score": 0,
                                        "classification_accuracy": 0.8161209068010076
                                    }
                                },
                                "running": {
                                    "activity == B": {
                                        "true_positives": 510,
                                        "true_negatives": 2243,
                                        "false_positives": 0,
                                        "false_negatives": 0,
                                        "f1_score": 1.0,
                                        "classification_accuracy": 1.0
                                    }
                                }
                            },
                            "causes": []
                        },
                        {
                            "what": "batch firing policies for 'activity == B' changed!",
                            "how": {
                                "reference": {
                                    "size > 4": {
                                        "true_positives": 0,
                                        "true_negatives": 0,
                                        "false_positives": 0,
                                        "false_negatives": 0,
                                        "f1_score": 0,
                                        "classification_accuracy": 0
                                    },
                                    "(time_since_last <= 64869.8125) && (time_since_first <= 34603.99976) && (time_since_first > 2123.70312)": {
                                        "true_positives": 0,
                                        "true_negatives": 0,
                                        "false_positives": 0,
                                        "false_negatives": 0,
                                        "f1_score": 0,
                                        "classification_accuracy": 0
                                    },
                                    "time_since_first > 66565.98828": {
                                        "true_positives": 0,
                                        "true_negatives": 0,
                                        "false_positives": 0,
                                        "false_negatives": 0,
                                        "f1_score": 0,
                                        "classification_accuracy": 0
                                    },
                                    "(time_since_first <= 33799.92749) && (time_since_first > 2091.56287)": {
                                        "true_positives": 0,
                                        "true_negatives": 0,
                                        "false_positives": 0,
                                        "false_negatives": 0,
                                        "f1_score": 0,
                                        "classification_accuracy": 0
                                    }
                                },
                                "running": {
                                    "size > 4": {
                                        "true_positives": 204,
                                        "true_negatives": 407,
                                        "false_positives": 0,
                                        "false_negatives": 0,
                                        "f1_score": 1.0,
                                        "classification_accuracy": 1.0
                                    },
                                    "(time_since_last <= 64869.8125) && (time_since_first <= 34603.99976) && (time_since_first > 2123.70312)": {
                                        "true_positives": 182,
                                        "true_negatives": 407,
                                        "false_positives": 0,
                                        "false_negatives": 22,
                                        "f1_score": 0.9430051813471503,
                                        "classification_accuracy": 0.9639934533551555
                                    },
                                    "time_since_first > 66565.98828": {
                                        "true_positives": 22,
                                        "true_negatives": 406,
                                        "false_positives": 1,
                                        "false_negatives": 182,
                                        "f1_score": 0.19383259911894277,
                                        "classification_accuracy": 0.7004909983633388
                                    },