{
    "what": "cycle time changed!",
    "how": {
        "reference": {
            "nobs": 1369,
            "minmax": [
                430.896038,
                1832.730079
            ],
            "mean": 894.9783527582177,
            "variance": 72901.25027257553,
            "skewness": 0.7844701549606501,
            "kurtosis": 0.14067052142993797
        },
        "running": {
            "nobs": 1378,
            "minmax": [
                458.876393,
                1808.148332
            ],
            "mean": 953.9636239927432,
            "variance": 94383.41391896768,
            "skewness": 0.42204025904807435,
            "kurtosis": -0.8545285209761708
        }
    },
    "causes": [
        {
            "what": "waiting time changed!",
            "how": {
                "reference": {
                    "nobs": 1369,
                    "minmax": [
                        0.0,
                        1227.932994
                    ],
                    "mean": 295.28080550182614,
                    "variance": 69635.34455413352,
                    "skewness": 0.8696399085511984,
                    "kurtosis": 0.23648042647995116
                },
                "running": {
                    "nobs": 1378,
                    "minmax": [
                        0.0,
                        1241.166514
                    ],
                    "mean": 353.4946896632801,
                    "variance": 90742.3043105709,
                    "skewness": 0.4585855281491922,
                    "kurtosis": -0.8721621406242361
                }
            },
            "causes": [
                {
                    "what": "waiting time due to batching changed!",
                    "how": {
                        "reference": {
                            "nobs": 1369,
                            "minmax": [
                                0.0,
                                1020.690441
                            ],
                            "mean": 16.402546815193574,
                            "variance": 9486.625318155631,
                            "skewness": 6.236860402794498,
                            "kurtosis": 39.950389055519
                        },
                        "running": {
                            "nobs": 1378,
                            "minmax": [
                                0.0,
                                1072.173754
                            ],
                            "mean": 30.989742040638607,
                            "variance": 17907.13268145513,
                            "skewness": 4.349922276037659,
                            "kurtosis": 18.194696256779523
                        }
                    },
                    "causes": []
                },
                {
                    "what": "waiting time due to resource contention changed!",
                    "how": {
                        "reference": {
                            "nobs": 1369,
                            "minmax": [
                                0.0,
                                1227.932994
                            ],
                            "mean": 278.8782586866326,
                            "variance": 64091.91776443683,
                            "skewness": 0.9056265105346349,
                            "kurtosis": 0.39515711808387
                        },
                        "running": {
                            "nobs": 1378,
                            "minmax": [
                                0.0,
                                1241.166514
                            ],
                            "mean": 322.5049476226415,
                            "variance": 84630.53370753488,
                            "skewness": 0.6077616315409247,
                            "kurtosis": -0.6382541425063768
                        }
                    },
                    "causes": []
                }
            ]
        }
    ]
}