{
    "what": "cycle time changed!",
    "how": {
        "reference": {
            "nobs": 1384,
            "minmax": [
                459.254024,
                1753.151013
            ],
            "mean": 924.2404170513006,
            "variance": 81802.87701066733,
            "skewness": 0.4530115937262523,
            "kurtosis": -0.6100690693774844
        },
        "running": {
            "nobs": 1363,
            "minmax": [
                439.310068,
                1763.652648
            ],
            "mean": 876.9115500799707,
            "variance": 68826.10488854046,
            "skewness": 0.7056740932604103,
            "kurtosis": -0.09298727704011434
        }
    },
    "causes": [
        {
            "what": "waiting time changed!",
            "how": {
                "reference": {
                    "nobs": 1384,
                    "minmax": [
                        0.0,
                        1224.757879
                    ],
                    "mean": 325.9659578656069,
                    "variance": 78421.66985834287,
                    "skewness": 0.4972073966697329,
                    "kurtosis": -0.6286878189976637
                },
                "running": {
                    "nobs": 1363,
                    "minmax": [
                        0.0,
                        1140.782196
                    ],
                    "mean": 275.3084684768892,
                    "variance": 64446.69850059131,
                    "skewness": 0.7410290169842888,
                    "kurtosis": -0.0936079611227214
                }
            },
            "causes": []
        }
    ]
}