{
    "what": "cycle time changed!",
    "how": {
        "reference": {
            "nobs": 1381,
            "minmax": [
                439.577946,
                1889.89305
            ],
            "mean": 992.6062168747286,
            "variance": 90033.38333045573,
            "skewness": 0.4310008281756336,
            "kurtosis": -0.3499961200606285
        },
        "running": {
            "nobs": 1358,
            "minmax": [
                438.85569,
                1745.127503
            ],
            "mean": 903.8908269815905,
            "variance": 66228.56938670734,
            "skewness": 0.4695834109420052,
            "kurtosis": -0.4275338970291789
        }
    },
    "causes": [
        {
            "what": "waiting time changed!",
            "how": {
                "reference": {
                    "nobs": 1381,
                    "minmax": [
                        0.0,
                        1253.195706
                    ],
                    "mean": 391.8204550325851,
                    "variance": 85876.59106992457,
                    "skewness": 0.4423599409963729,
                    "kurtosis": -0.39771114057204615
                },
                "running": {
                    "nobs": 1358,
                    "minmax": [
                        0.0,
                        1115.381975
                    ],
                    "mean": 306.52829765979385,
                    "variance": 63478.78722154279,
                    "skewness": 0.5174942618082189,
                    "kurtosis": -0.4396029742120211
                }
            },
            "causes": [
                {
                    "what": "waiting time due to resource contention changed!",
                    "how": {
                        "reference": {
                            "nobs": 1381,
                            "minmax": [
                                0.0,
                                1253.195706
                            ],
                            "mean": 358.2287678081101,
                            "variance": 82022.63984228541,
                            "skewness": 0.5704360984982266,
                            "kurtosis": -0.22216115048614027
                        },
                        "running": {
                            "nobs": 1358,
                            "minmax": [
                                0.0,
                                1045.425022
                            ],
                            "mean": 292.70656788291603,
                            "variance": 60677.721762419504,
                            "skewness": 0.5432711374389921,
                            "kurtosis": -0.4286680098622737
                        }
                    },
                    "causes": []
                },
                {
                    "what": "waiting time due to extraneous delays changed!",
                    "how": {
                        "reference": {
                            "nobs": 1381,
                            "minmax": [
                                0.0,
                                0.0
                            ],
                            "mean": 0.0,
                            "variance": 0.0,
                            "skewness": NaN,
                            "kurtosis": NaN
                        },
                        "running": {
                            "nobs": 1358,
                            "minmax": [
                                0.0,
                                545.371041
                            ],
                            "mean": 0.40159870471281295,
                            "variance": 219.02030365347846,
                            "skewness": 36.810334648297825,
                            "kurtosis": 1353.0007369196753
                        }
                    },
                    "causes": []
                }
            ]
        }
    ]
}