{
    "what": "cycle time changed!",
    "how": {
        "reference": {
            "nobs": 1366,
            "minmax": [
                405.719337,
                2253.028867
            ],
            "mean": 957.3696800285504,
            "variance": 94869.6970332643,
            "skewness": 0.7949569401284667,
            "kurtosis": 0.6509533457185079
        },
        "running": {
            "nobs": 1360,
            "minmax": [
                431.876329,
                1612.893385
            ],
            "mean": 886.4378170779412,
            "variance": 57983.72054351461,
            "skewness": 0.3267424332072626,
            "kurtosis": -0.7244891830539637
        }
    },
    "causes": [
        {
            "what": "waiting time changed!",
            "how": {
                "reference": {
                    "nobs": 1366,
                    "minmax": [
                        0.0,
                        1640.071723
                    ],
                    "mean": 357.8248077313323,
                    "variance": 90920.36443474572,
                    "skewness": 0.8431005911315538,
                    "kurtosis": 0.6644435700699662
                },
                "running": {
                    "nobs": 1360,
                    "minmax": [
                        0.0,
                        1052.685529
                    ],
                    "mean": 285.3978078625,
                    "variance": 52777.51391203533,
                    "skewness": 0.41935569660956395,
                    "kurtosis": -0.7428081888408311
                }
            },
            "causes": [
                {
                    "what": "waiting time due to batching changed!",
                    "how": {
                        "reference": {
                            "nobs": 1366,
                            "minmax": [
                                0.0,
                                983.368013
                            ],
                            "mean": 19.343342793557834,
                            "variance": 11694.012214898543,
                            "skewness": 5.729795012907731,
                            "kurtosis": 32.72972179103953
                        },
                        "running": {
                            "nobs": 1360,
                            "minmax": [
                                0.0,
                                880.072849
                            ],
                            "mean": 11.123145826470587,
                            "variance": 6316.5356290103855,
                            "skewness": 7.400067039358387,
                            "kurtosis": 55.46521002328192
                        }
                    },
                    "causes": [
                        {
                            "what": "batch creation policies changed!",
                            "how": {
                                "reference": {
                                    "(attributes.revenue <= 85.28912) && (activity != D1) && (attributes.revenue > 84.44432)": {
                                        "true_positives": 0,
                                        "true_negatives": 1262,
                                        "false_positives": 4,
                                        "false_negatives": 92,
                                        "f1_score": 0,
                                        "classification_accuracy": 0.9293078055964654
                                    }
                                },
                                "running": {
                                    "(attributes.revenue <= 85.28912) && (activity != D1) && (attributes.revenue > 84.44432)": {
                                        "true_positives": 4,
                                        "true_negatives": 1294,
                                        "false_positives": 0,
                                        "false_negatives": 52,
                                        "f1_score": 0.13333333333333333,
                                        "classification_accuracy": 0.9614814814814815
                                    }
                                }
                            },
                            "causes": []
                        },
                        {
                            "what": "batch firing policies for '(attributes.revenue <= 85.28912) && (activity != D1) && (attributes.revenue > 84.44432)' changed!",
                            "how": {
                                "reference": {
                                    "(time_since_last <= 589.37524) && (day_of_week == Saturday)": {
                                        "true_positives": 0,
                                        "true_negatives": 0,
                                        "false_positives": 0,
                                        "false_negatives": 0,
                                        "f1_score": 0,
                                        "classification_accuracy": 0
                                    }
                                },
                                "running": {
                                    "(time_since_last <= 589.37524) && (day_of_week == Saturday)": {
                                        "true_positives": 3,
                                        "true_negatives": 1,
                                        "false_positives": 2,
                                        "false_negatives": 1,
                                        "f1_score": 0.6666666666666666,
                                        "classification_accuracy": 0.5714285714285714
                                    }
                                }
                            },
                            "causes": []
                        }
                    ]
                },
                {
                    "what": "waiting time due to resource contention changed!",
                    "how": {
                        "reference": {
                            "nobs": 1366,
                            "minmax": [
                                0.0,
                                1640.071723
                            ],
                            "mean": 338.4814649377745,
                            "variance": 86356.39866559542,
                            "skewness": 0.9204448576771733,
                            "kurtosis": 0.9349236919924411
                        },
                        "running": {
                            "nobs": 1360,
                            "minmax": [
                                0.0,
                                1052.685529
                            ],
                            "mean": 274.2746620360294,
                            "variance": 51804.29885638443,
                            "skewness": 0.4687784212155536,
                            "kurtosis": -0.6950938579087458
                        }
                    },
                    "causes": []
                }
            ]
        }
    ]
}