{
    "what": "cycle time changed!",
    "how": {
        "reference": {
            "nobs": 1364,
            "minmax": [
                439.310068,
                1763.652648
            ],
            "mean": 862.9073957903225,
            "variance": 63474.92717059475,
            "skewness": 0.785531513136386,
            "kurtosis": 0.15596845467929166
        },
        "running": {
            "nobs": 1357,
            "minmax": [
                478.562144,
                1861.727718
            ],
            "mean": 891.2221150972733,
            "variance": 69722.33485006425,
            "skewness": 0.45037567616928026,
            "kurtosis": -0.7471342648075137
        }
    },
    "causes": [
        {
            "what": "processing time changed!",
            "how": {
                "reference": {
                    "nobs": 1364,
                    "minmax": [
                        400.030882,
                        784.065571
                    ],
                    "mean": 599.4223899875366,
                    "variance": 3442.770936564511,
                    "skewness": -0.023510884150515603,
                    "kurtosis": 0.09270701105220747
                },
                "running": {
                    "nobs": 1357,
                    "minmax": [
                        429.993803,
                        823.209305
                    ],
                    "mean": 603.4961143743552,
                    "variance": 3533.2576234117787,
                    "skewness": 0.06366640189693751,
                    "kurtosis": 0.048958603614488005
                }
            },
            "causes": [
                {
                    "what": "processing time with resources available changed!",
                    "how": {
                        "reference": {
                            "nobs": 1364,
                            "minmax": [
                                400.030882,
                                784.065571
                            ],
                            "mean": 599.4223899875366,
                            "variance": 3442.770936564511,
                            "skewness": -0.023510884150515603,
                            "kurtosis": 0.09270701105220747
                        },
                        "running": {
                            "nobs": 1357,
                            "minmax": [
                                429.993803,
                                823.209305
                            ],
                            "mean": 603.4961143743552,
                            "variance": 3533.2576234117787,
                            "skewness": 0.06366640189693751,
                            "kurtosis": 0.048958603614488005
                        }
                    },
                    "causes": []
                }
            ]
        },
        {
            "what": "waiting time changed!",
            "how": {
                "reference": {
                    "nobs": 1364,
                    "minmax": [
                        0.0,
                        1140.782196
                    ],
                    "mean": 263.4850058027859,
                    "variance": 60361.98830423603,
                    "skewness": 0.8301121332385514,
                    "kurtosis": 0.14138672919294315
                },
                "running": {
                    "nobs": 1357,
                    "minmax": [
                        0.0,
                        1186.26414
                    ],
                    "mean": 287.7260007229182,
                    "variance": 65746.72690144346,
                    "skewness": 0.4505940372506699,
                    "kurtosis": -0.8845927908244269
                }
            },
            "causes": [
                {
                    "what": "waiting time due to resource contention changed!",
                    "how": {
                        "reference": {
                            "nobs": 1364,
                            "minmax": [
                                0.0,
                                1140.782196
                            ],
                            "mean": 253.85307603739003,
                            "variance": 57959.221631625514,
                            "skewness": 0.8763876463832585,
                            "kurtosis": 0.2779679835418869
                        },
                        "running": {
                            "nobs": 1357,
                            "minmax": [
                                0.0,
                                1186.26414
                            ],
                            "mean": 275.0075806101695,
                            "variance": 64021.835121878365,
                            "skewness": 0.5222048115056859,
                            "kurtosis": -0.788627456064035
                        }
                    },
                    "causes": []
                }
            ]
        }
    ]
}