{
    "what": "cycle time changed!",
    "how": {
        "reference": {
            "nobs": 1380,
            "minmax": [
                420.817417,
                2543.475143
            ],
            "mean": 946.9324023123189,
            "variance": 141122.05192119273,
            "skewness": 1.4592778812782479,
            "kurtosis": 2.2572057827869294
        },
        "running": {
            "nobs": 1368,
            "minmax": [
                428.04519,
                1784.946444
            ],
            "mean": 866.4225438757311,
            "variance": 58521.80354683641,
            "skewness": 0.5222763295799,
            "kurtosis": -0.3619914250906442
        }
    },
    "causes": [
        {
            "what": "waiting time changed!",
            "how": {
                "reference": {
                    "nobs": 1380,
                    "minmax": [
                        0.0,
                        1954.431149
                    ],
                    "mean": 346.91347574202905,
                    "variance": 138677.95788404156,
                    "skewness": 1.5056603609348866,
                    "kurtosis": 2.3883685433541055
                },
                "running": {
                    "nobs": 1368,
                    "minmax": [
                        0.0,
                        1114.553115
                    ],
                    "mean": 266.79321565935675,
                    "variance": 54424.9520998698,
                    "skewness": 0.5639268912540571,
                    "kurtosis": -0.4102108745115909
                }
            },
            "causes": [
                {
                    "what": "waiting time due to batching changed!",
                    "how": {
                        "reference": {
                            "nobs": 1380,
                            "minmax": [
                                0.0,
                                1582.278754
                            ],
                            "mean": 24.644867744927534,
                            "variance": 16878.17234572574,
                            "skewness": 5.914779984500754,
                            "kurtosis": 39.48118995395072
                        },
                        "running": {
                            "nobs": 1368,
                            "minmax": [
                                0.0,
                                667.971117
                            ],
                            "mean": 9.024257807017545,
                            "variance": 4690.425595331609,
                            "skewness": 7.756141361129283,
                            "kurtosis": 59.905279726365364
                        }
                    },
                    "causes": []
                },
                {
                    "what": "waiting time due to resource contention changed!",
                    "how": {
                        "reference": {
                            "nobs": 1380,
                            "minmax": [
                                0.0,
                                1954.431149
                            ],
                            "mean": 322.26860799710147,
                            "variance": 120382.89002594889,
                            "skewness": 1.5004272005904447,
                            "kurtosis": 2.535873811114092
                        },
                        "running": {
                            "nobs": 1368,
                            "minmax": [
                                0.0,
                                1114.553115
                            ],
                            "mean": 257.76895785233916,
                            "variance": 53248.78031619647,
                            "skewness": 0.6219499766323136,
                            "kurtosis": -0.2946310556788947
                        }
                    },
                    "causes": []
                }
            ]
        }
    ]
}