{
    "what": "cycle time changed!",
    "how": {
        "reference": {
            "nobs": 1367,
            "minmax": [
                435.21676,
                1702.146365
            ],
            "mean": 894.4921132450621,
            "variance": 61454.27526398367,
            "skewness": 0.5315055971507818,
            "kurtosis": -0.3316480610737216
        },
        "running": {
            "nobs": 1389,
            "minmax": [
                460.151976,
                2085.339407
            ],
            "mean": 974.5836790705545,
            "variance": 100662.24506950988,
            "skewness": 0.5831023348939627,
            "kurtosis": -0.2598107168136483
        }
    },
    "causes": [
        {
            "what": "waiting time changed!",
            "how": {
                "reference": {
                    "nobs": 1367,
                    "minmax": [
                        0.0,
                        1042.106106
                    ],
                    "mean": 292.5274329429407,
                    "variance": 58874.20075072674,
                    "skewness": 0.5958450697875889,
                    "kurtosis": -0.32391313053745163
                },
                "running": {
                    "nobs": 1389,
                    "minmax": [
                        0.0,
                        1410.620024
                    ],
                    "mean": 373.7899848084953,
                    "variance": 97185.76269983672,
                    "skewness": 0.6068100082414704,
                    "kurtosis": -0.29233097693347565
                }
            },
            "causes": [
                {
                    "what": "waiting time due to batching changed!",
                    "how": {
                        "reference": {
                            "nobs": 1367,
                            "minmax": [
                                0.0,
                                810.707919
                            ],
                            "mean": 11.715803785662034,
                            "variance": 6862.68820244208,
                            "skewness": 7.19953934092335,
                            "kurtosis": 51.62390099505041
                        },
                        "running": {
                            "nobs": 1389,
                            "minmax": [
                                0.0,
                                1234.509974
                            ],
                            "mean": 27.17744138444925,
                            "variance": 15847.658767483703,
                            "skewness": 4.7583102951236205,
                            "kurtosis": 22.8451551740155
                        }
                    },
                    "causes": []
                },
                {
                    "what": "waiting time due to resource contention changed!",
                    "how": {
                        "reference": {
                            "nobs": 1367,
                            "minmax": [
                                0.0,
                                1042.106106
                            ],
                            "mean": 280.81162915727873,
                            "variance": 56785.79440304939,
                            "skewness": 0.6410639651322745,
                            "kurtosis": -0.23096453413395324
                        },
                        "running": {
                            "nobs": 1389,
                            "minmax": [
                                0.0,
                                1410.620024
                            ],
                            "mean": 346.6125434240461,
                            "variance": 92240.49653907077,
                            "skewness": 0.7292916639330287,
                            "kurtosis": -0.05097625991440635
                        }
                    },
                    "causes": []
                }
            ]
        }
    ]
}