{
    "what": "cycle time changed!",
    "how": {
        "reference": {
            "nobs": 1368,
            "minmax": [
                442.572655,
                2033.848847
            ],
            "mean": 951.7969587711988,
            "variance": 86383.20081194332,
            "skewness": 0.6591246174162276,
            "kurtosis": 0.044507983838481646
        },
        "running": {
            "nobs": 1349,
            "minmax": [
                473.02273,
                1989.363449
            ],
            "mean": 898.8207862935508,
            "variance": 88316.94071370039,
            "skewness": 1.0452997441589038,
            "kurtosis": 0.8828789118773268
        }
    },
    "causes": [
        {
            "what": "waiting time changed!",
            "how": {
                "reference": {
                    "nobs": 1368,
                    "minmax": [
                        0.0,
                        1379.177833
                    ],
                    "mean": 350.4940278574561,
                    "variance": 83801.11386427234,
                    "skewness": 0.7072762699337529,
                    "kurtosis": 0.08149457927950099
                },
                "running": {
                    "nobs": 1349,
                    "minmax": [
                        0.0,
                        1386.635865
                    ],
                    "mean": 300.0835053773165,
                    "variance": 85461.12434683948,
                    "skewness": 1.1007299382470612,
                    "kurtosis": 0.9888050443386849
                }
            },
            "causes": [
                {
                    "what": "waiting time due to resource contention changed!",
                    "how": {
                        "reference": {
                            "nobs": 1368,
                            "minmax": [
                                0.0,
                                1379.177833
                            ],
                            "mean": 332.1935605994152,
                            "variance": 79728.76940022987,
                            "skewness": 0.761979383470843,
                            "kurtosis": 0.20430691873107332
                        },
                        "running": {
                            "nobs": 1349,
                            "minmax": [
                                0.0,
                                1362.296617
                            ],
                            "mean": 280.0163277835434,
                            "variance": 75012.82700204369,
                            "skewness": 1.0755444468531041,
                            "kurtosis": 1.024829058981977
                        }
                    },
                    "causes": []
                }
            ]
        }
    ]
}