{
    "what": "cycle time changed!",
    "how": {
        "reference": {
            "nobs": 1354,
            "minmax": [
                375.641603,
                1776.17192
            ],
            "mean": 893.8636219844905,
            "variance": 75057.65044417248,
            "skewness": 0.5133077923998867,
            "kurtosis": -0.5845945122457397
        },
        "running": {
            "nobs": 1375,
            "minmax": [
                455.729977,
                1985.73323
            ],
            "mean": 943.1549997476363,
            "variance": 87930.53188355755,
            "skewness": 0.6066770638692878,
            "kurtosis": -0.18195070673606129
        }
    },
    "causes": [
        {
            "what": "waiting time changed!",
            "how": {
                "reference": {
                    "nobs": 1354,
                    "minmax": [
                        0.0,
                        1187.152127
                    ],
                    "mean": 293.9228377968981,
                    "variance": 70109.38317531759,
                    "skewness": 0.6086008034563573,
                    "kurtosis": -0.5016616742036581
                },
                "running": {
                    "nobs": 1375,
                    "minmax": [
                        0.0,
                        1303.023269
                    ],
                    "mean": 344.1594422443637,
                    "variance": 84045.21922883687,
                    "skewness": 0.6153026407404389,
                    "kurtosis": -0.23259615143929224
                }
            },
            "causes": [
                {
                    "what": "waiting time due to resource contention changed!",
                    "how": {
                        "reference": {
                            "nobs": 1354,
                            "minmax": [
                                0.0,
                                1187.152127
                            ],
                            "mean": 276.161720844904,
                            "variance": 67260.93336151923,
                            "skewness": 0.713095461235666,
                            "kurtosis": -0.3154250746703613
                        },
                        "running": {
                            "nobs": 1375,
                            "minmax": [
                                0.0,
                                1303.023269
                            ],
                            "mean": 323.7899350865454,
                            "variance": 79389.70198256327,
                            "skewness": 0.7057160832195608,
                            "kurtosis": -0.012133199640449455
                        }
                    },
                    "causes": []
                }
            ]
        }
    ]
}