{
    "what": "cycle time changed!",
    "how": {
        "reference": {
            "nobs": 1381,
            "minmax": [
                466.556006,
                2270.9294
            ],
            "mean": 950.6734524098479,
            "variance": 135352.39945024395,
            "skewness": 1.1987437945143204,
            "kurtosis": 1.1568941888597113
        },
        "running": {
            "nobs": 1381,
            "minmax": [
                441.399705,
                1967.052402
            ],
            "mean": 893.1808670550324,
            "variance": 72790.50249439644,
            "skewness": 0.5710778996672095,
            "kurtosis": -0.2468038135111441
        }
    },
    "causes": [
        {
            "what": "waiting time changed!",
            "how": {
                "reference": {
                    "nobs": 1381,
                    "minmax": [
                        0.0,
                        1658.213386
                    ],
                    "mean": 348.902792211441,
                    "variance": 131417.55063496612,
                    "skewness": 1.2401092386362182,
                    "kurtosis": 1.2268370066107366
                },
                "running": {
                    "nobs": 1381,
                    "minmax": [
                        0.0,
                        1224.979102
                    ],
                    "mean": 292.98812897320784,
                    "variance": 69805.37936959032,
                    "skewness": 0.6071652519586946,
                    "kurtosis": -0.36298947528245407
                }
            },
            "causes": [
                {
                    "what": "waiting time due to batching changed!",
                    "how": {
                        "reference": {
                            "nobs": 1381,
                            "minmax": [
                                0.0,
                                1320.38801
                            ],
                            "mean": 32.063215356263576,
                            "variance": 22330.586925438758,
                            "skewness": 5.089073527832194,
                            "kurtosis": 27.707426161023378
                        },
                        "running": {
                            "nobs": 1381,
                            "minmax": [
                                0.0,
                                938.355417
                            ],
                            "mean": 15.78117157494569,
                            "variance": 8798.713371993996,
                            "skewness": 6.4074693136322125,
                            "kurtosis": 42.85241608027198
                        }
                    },
                    "causes": []
                },
                {
                    "what": "waiting time due to resource contention changed!",
                    "how": {
                        "reference": {
                            "nobs": 1381,
                            "minmax": [
                                0.0,
                                1658.213386
                            ],
                            "mean": 316.83957685517737,
                            "variance": 111981.09529049278,
                            "skewness": 1.291636379074318,
                            "kurtosis": 1.5801863702436751
                        },
                        "running": {
                            "nobs": 1381,
                            "minmax": [
                                0.0,
                                1224.979102
                            ],
                            "mean": 277.20695739826215,
                            "variance": 67126.6177352562,
                            "skewness": 0.6800770601450582,
                            "kurtosis": -0.21896824592069164
                        }
                    },
                    "causes": []
                }
            ]
        }
    ]
}