{
    "what": "cycle time changed!",
    "how": {
        "reference": {
            "nobs": 1357,
            "minmax": [
                455.269882,
                1666.974071
            ],
            "mean": 869.773193843773,
            "variance": 72661.24797846818,
            "skewness": 0.6202906256926916,
            "kurtosis": -0.5680282667144159
        },
        "running": {
            "nobs": 1369,
            "minmax": [
                438.85569,
                1881.443669
            ],
            "mean": 935.0508447699051,
            "variance": 84160.36723798532,
            "skewness": 0.6341397413287264,
            "kurtosis": -0.18455894797466144
        }
    },
    "causes": [
        {
            "what": "waiting time changed!",
            "how": {
                "reference": {
                    "nobs": 1357,
                    "minmax": [
                        0.0,
                        1044.706607
                    ],
                    "mean": 271.2510529462049,
                    "variance": 68301.10575852524,
                    "skewness": 0.6634824031832417,
                    "kurtosis": -0.6651631741236685
                },
                "running": {
                    "nobs": 1369,
                    "minmax": [
                        0.0,
                        1217.431409
                    ],
                    "mean": 338.1167605880205,
                    "variance": 81203.5257810124,
                    "skewness": 0.6685833495651998,
                    "kurtosis": -0.19253748019852512
                }
            },
            "causes": [
                {
                    "what": "waiting time due to batching changed!",
                    "how": {
                        "reference": {
                            "nobs": 1357,
                            "minmax": [
                                0.0,
                                860.426033
                            ],
                            "mean": 15.842528879145174,
                            "variance": 9083.662639726892,
                            "skewness": 6.180437708808618,
                            "kurtosis": 38.157046592499064
                        },
                        "running": {
                            "nobs": 1369,
                            "minmax": [
                                0.0,
                                1049.813109
                            ],
                            "mean": 20.36611530533236,
                            "variance": 12241.421849478058,
                            "skewness": 5.5502359446874925,
                            "kurtosis": 30.583785685567754
                        }
                    },
                    "causes": [
                        {
                            "what": "batch creation policies changed!",
                            "how": {
                                "reference": {
                                    "(activity != C2) && (attributes.revenue > 95.82635) && (attributes.revenue <= 96.01302)": {
                                        "true_positives": 0,
                                        "true_negatives": 1273,
                                        "false_positives": 0,
                                        "false_negatives": 78,
                                        "f1_score": 0,
                                        "classification_accuracy": 0.9422649888971133
                                    }
                                },
                                "running": {
                                    "(activity != C2) && (attributes.revenue > 95.82635) && (attributes.revenue <= 96.01302)": {
                                        "true_positives": 5,
                                        "true_negatives": 1258,
                                        "false_positives": 4,
                                        "false_negatives": 91,
                                        "f1_score": 0.09523809523809523,
                                        "classification_accuracy": 0.9300441826215022
                                    }
                                }
                            },
                            "causes": []
                        },
                        {
                            "what": "batch firing policies for '(activity != C2) && (attributes.revenue > 95.82635) && (attributes.revenue <= 96.01302)' changed!",
                            "how": {
                                "reference": {
                                    "size == X_0": {
                                        "true_positives": 0,
                                        "true_negatives": 0,
                                        "false_positives": 0,
                                        "false_negatives": 0,
                                        "f1_score": 0,
                                        "classification_accuracy": 0
                                    },
                                    "time_since_first > 628.16354": {
                                        "true_positives": 0,
                                        "true_negatives": 0,
                                        "false_positives": 0,
                                        "false_negatives": 0,
                                        "f1_score": 0,
                                        "classification_accuracy": 0
                                    }
                                },
                                "running": {
                                    "size == X_0": {
                                        "true_positives": 0,
                                        "true_negatives": 4,
                                        "false_positives": 0,
                                        "false_negatives": 3,
                                        "f1_score": 0,
                                        "classification_accuracy": 0.5714285714285714
                                    },
                                    "time_since_first > 628.16354": {
                                        "true_positives": 3,
                                        "true_negatives": 4,
                                        "false_positives": 0,
                                        "false_negatives": 0,
                                        "f1_score": 1.0,
                                        "classification_accuracy": 1.0
                                    }
                                }
                            },
                            "causes": []
                        }
                    ]
                },
                {
                    "what": "waiting time due to resource contention changed!",
                    "how": {
                        "reference": {
                            "nobs": 1357,
                            "minmax": [
                                0.0,
                                1044.706607
                            ],
                            "mean": 255.40852406705972,
                            "variance": 64434.74328602926,
                            "skewness": 0.7544007740949391,
                            "kurtosis": -0.46853755444989487
                        },
                        "running": {
                            "nobs": 1369,
                            "minmax": [
                                0.0,
                                1217.431409
                            ],
                            "mean": 317.3522734485026,
                            "variance": 75527.57752853801,
                            "skewness": 0.7263238876690402,
                            "kurtosis": -0.05293876138206821
                        }
                    },