{
    "what": "cycle time changed!",
    "how": {
        "reference": {
            "nobs": 1378,
            "minmax": [
                462.798544,
                2222.717889
            ],
            "mean": 890.7027047772134,
            "variance": 81701.67558914151,
            "skewness": 1.059856180830625,
            "kurtosis": 1.3984317148620926
        },
        "running": {
            "nobs": 1374,
            "minmax": [
                447.376589,
                1832.730079
            ],
            "mean": 906.4622804599708,
            "variance": 70443.57994527475,
            "skewness": 0.7543759229310453,
            "kurtosis": 0.14939051992516994
        }
    },
    "causes": [
        {
            "what": "waiting time changed!",
            "how": {
                "reference": {
                    "nobs": 1378,
                    "minmax": [
                        0.0,
                        1498.067169
                    ],
                    "mean": 289.2897145370102,
                    "variance": 78960.857564852,
                    "skewness": 1.0974090670864782,
                    "kurtosis": 1.443958565300349
                },
                "running": {
                    "nobs": 1374,
                    "minmax": [
                        0.0,
                        1227.932994
                    ],
                    "mean": 305.1527843384279,
                    "variance": 67922.30714722478,
                    "skewness": 0.8242416199133082,
                    "kurtosis": 0.2287819352330196
                }
            },
            "causes": []
        }
    ]
}