{
    "what": "cycle time changed!",
    "how": {
        "reference": {
            "nobs": 1403,
            "minmax": [
                391.360842,
                804.837906
            ],
            "mean": 599.1151220990733,
            "variance": 3536.740739473908,
            "skewness": 0.055333910488877855,
            "kurtosis": -0.022341418371947697
        },
        "running": {
            "nobs": 1373,
            "minmax": [
                396.752285,
                1031.13199
            ],
            "mean": 613.0813660116532,
            "variance": 6423.145565891495,
            "skewness": 1.288782995388769,
            "kurtosis": 4.023516135656869
        }
    },
    "causes": [
        {
            "what": "waiting time changed!",
            "how": {
                "reference": {
                    "nobs": 1403,
                    "minmax": [
                        0.0,
                        0.0
                    ],
                    "mean": 0.0,
                    "variance": 0.0,
                    "skewness": NaN,
                    "kurtosis": NaN
                },
                "running": {
                    "nobs": 1373,
                    "minmax": [
                        0.0,
                        497.299225
                    ],
                    "mean": 14.211651387472688,
                    "variance": 2994.9503683340085,
                    "skewness": 4.749133866066041,
                    "kurtosis": 25.065566136605785
                }
            },
            "causes": [
                {
                    "what": "waiting time due to resource contention changed!",
                    "how": {
                        "reference": {
                            "nobs": 1403,
                            "minmax": [
                                0.0,
                                0.0
                            ],
                            "mean": 0.0,
                            "variance": 0.0,
                            "skewness": NaN,
                            "kurtosis": NaN
                        },
                        "running": {
                            "nobs": 1373,
                            "minmax": [
                                0.0,
                                497.299225
                            ],
                            "mean": 14.211651387472688,
                            "variance": 2994.9503683340085,
                            "skewness": 4.749133866066041,
                            "kurtosis": 25.065566136605785
                        }
                    },
                    "causes": []
                }
            ]
        }
    ]
}