{
    "what": "cycle time changed!",
    "how": {
        "reference": {
            "nobs": 1362,
            "minmax": [
                404.119584,
                1889.89305
            ],
            "mean": 907.9064807283407,
            "variance": 88690.5153538236,
            "skewness": 0.8980011733955185,
            "kurtosis": 0.31125312696162366
        },
        "running": {
            "nobs": 1387,
            "minmax": [
                451.557824,
                2362.706474
            ],
            "mean": 995.8460918464311,
            "variance": 120241.07293773454,
            "skewness": 1.0145096551725832,
            "kurtosis": 1.4358733078109998
        }
    },
    "causes": [
        {
            "what": "waiting time changed!",
            "how": {
                "reference": {
                    "nobs": 1362,
                    "minmax": [
                        0.0,
                        1253.195706
                    ],
                    "mean": 308.7945061688693,
                    "variance": 84086.03829817307,
                    "skewness": 0.931342176194836,
                    "kurtosis": 0.26730643364988715
                },
                "running": {
                    "nobs": 1387,
                    "minmax": [
                        0.0,
                        1754.847218
                    ],
                    "mean": 395.30662656885374,
                    "variance": 115683.56517234269,
                    "skewness": 1.0598898718124456,
                    "kurtosis": 1.513340270755835
                }
            },
            "causes": [
                {
                    "what": "waiting time due to batching changed!",
                    "how": {
                        "reference": {
                            "nobs": 1362,
                            "minmax": [
                                0.0,
                                966.376435
                            ],
                            "mean": 21.09586037812041,
                            "variance": 12986.077487541628,
                            "skewness": 5.425061356321174,
                            "kurtosis": 28.62376917872139
                        },
                        "running": {
                            "nobs": 1387,
                            "minmax": [
                                0.0,
                                1273.755131
                            ],
                            "mean": 28.50748166113915,
                            "variance": 18115.281860264935,
                            "skewness": 5.1161085840069624,
                            "kurtosis": 28.272112556567304
                        }
                    },
                    "causes": []
                },
                {
                    "what": "waiting time due to resource contention changed!",
                    "how": {
                        "reference": {
                            "nobs": 1362,
                            "minmax": [
                                0.0,
                                1253.195706
                            ],
                            "mean": 287.69864579074897,
                            "variance": 76981.39491394084,
                            "skewness": 1.0310301334602883,
                            "kurtosis": 0.6188386008147688
                        },
                        "running": {
                            "nobs": 1387,
                            "minmax": [
                                0.0,
                                1754.847218
                            ],
                            "mean": 366.7991449077145,
                            "variance": 108744.1494601549,
                            "skewness": 1.1190664657258496,
                            "kurtosis": 1.7426567538515423
                        }
                    },
                    "causes": []
                }
            ]
        }
    ]
}