{
    "what": "cycle time changed!",
    "how": {
        "reference": {
            "nobs": 1369,
            "minmax": [
                465.800137,
                1747.527047
            ],
            "mean": 853.6090742899927,
            "variance": 52990.19909379578,
            "skewness": 0.6425516138956567,
            "kurtosis": -0.10342976945563809
        },
        "running": {
            "nobs": 1353,
            "minmax": [
                431.059884,
                1766.461822
            ],
            "mean": 828.3644759253509,
            "variance": 61812.832975746496,
            "skewness": 0.9286786477860457,
            "kurtosis": 0.3360870940222309
        }
    },
    "causes": [
        {
            "what": "waiting time changed!",
            "how": {
                "reference": {
                    "nobs": 1369,
                    "minmax": [
                        0.0,
                        1123.415006
                    ],
                    "mean": 256.70330874653035,
                    "variance": 49858.59526866919,
                    "skewness": 0.6638031490565074,
                    "kurtosis": -0.17672744448065725
                },
                "running": {
                    "nobs": 1353,
                    "minmax": [
                        0.0,
                        1129.995803
                    ],
                    "mean": 228.5742435654102,
                    "variance": 56694.53631380185,
                    "skewness": 1.0159029751311077,
                    "kurtosis": 0.4021833998037443
                }
            },
            "causes": [
                {
                    "what": "waiting time due to batching changed!",
                    "how": {
                        "reference": {
                            "nobs": 1369,
                            "minmax": [
                                0.0,
                                705.513416
                            ],
                            "mean": 7.13524669320672,
                            "variance": 3788.46618011904,
                            "skewness": 8.81320401617019,
                            "kurtosis": 77.8801521324169
                        },
                        "running": {
                            "nobs": 1353,
                            "minmax": [
                                0.0,
                                915.67655
                            ],
                            "mean": 12.937803623059866,
                            "variance": 7784.086739719867,
                            "skewness": 7.053485746446695,
                            "kurtosis": 50.0604788073961
                        }
                    },
                    "causes": []
                },
                {
                    "what": "waiting time due to resource contention changed!",
                    "how": {
                        "reference": {
                            "nobs": 1369,
                            "minmax": [
                                0.0,
                                1042.013631
                            ],
                            "mean": 249.5680620533236,
                            "variance": 48221.13684081548,
                            "skewness": 0.6654180786386007,
                            "kurtosis": -0.21935566581256305
                        },
                        "running": {
                            "nobs": 1353,
                            "minmax": [
                                0.0,
                                1129.995803
                            ],
                            "mean": 215.6364399423503,
                            "variance": 52330.67500229156,
                            "skewness": 1.0717946976214585,
                            "kurtosis": 0.6225414211555784
                        }
                    },
                    "causes": []
                }
            ]
        }
    ]
}