{
    "what": "cycle time changed!",
    "how": {
        "reference": {
            "nobs": 1362,
            "minmax": [
                405.719337,
                1733.350998
            ],
            "mean": 888.4453765227606,
            "variance": 62208.151955046,
            "skewness": 0.4885980507068247,
            "kurtosis": -0.3953101654553768
        },
        "running": {
            "nobs": 1380,
            "minmax": [
                443.29555,
                1977.172349
            ],
            "mean": 911.2690019963768,
            "variance": 71574.19013535809,
            "skewness": 0.7136800217807878,
            "kurtosis": 0.2910634128299172
        }
    },
    "causes": [
        {
            "what": "waiting time changed!",
            "how": {
                "reference": {
                    "nobs": 1362,
                    "minmax": [
                        0.0,
                        1121.449956
                    ],
                    "mean": 287.4447524375918,
                    "variance": 58658.149811603704,
                    "skewness": 0.5365380770264667,
                    "kurtosis": -0.46899493854487995
                },
                "running": {
                    "nobs": 1380,
                    "minmax": [
                        0.0,
                        1301.97682
                    ],
                    "mean": 310.8700080086956,
                    "variance": 68157.35790604413,
                    "skewness": 0.8106161785331429,
                    "kurtosis": 0.35682057019185276
                }
            },
            "causes": [
                {
                    "what": "waiting time due to resource contention changed!",
                    "how": {
                        "reference": {
                            "nobs": 1362,
                            "minmax": [
                                0.0,
                                1104.244738
                            ],
                            "mean": 272.81356665565346,
                            "variance": 55227.461062935305,
                            "skewness": 0.557962469650977,
                            "kurtosis": -0.4677306945511832
                        },
                        "running": {
                            "nobs": 1380,
                            "minmax": [
                                0.0,
                                1301.97682
                            ],
                            "mean": 299.97119081739135,
                            "variance": 65801.76678423434,
                            "skewness": 0.8342519166827176,
                            "kurtosis": 0.43077249680172525
                        }
                    },
                    "causes": []
                }
            ]
        }
    ]
}