{
    "what": "cycle time changed!",
    "how": {
        "reference": {
            "nobs": 1355,
            "minmax": [
                462.798544,
                1647.610242
            ],
            "mean": 832.8232819269374,
            "variance": 46309.64931608658,
            "skewness": 0.5760875417732898,
            "kurtosis": -0.28156422809303416
        },
        "running": {
            "nobs": 1384,
            "minmax": [
                447.376589,
                1832.730079
            ],
            "mean": 939.0343305736994,
            "variance": 71702.43520715163,
            "skewness": 0.6094571670613532,
            "kurtosis": -0.11648211205631354
        }
    },
    "causes": [
        {
            "what": "waiting time changed!",
            "how": {
                "reference": {
                    "nobs": 1355,
                    "minmax": [
                        0.0,
                        995.976258
                    ],
                    "mean": 230.97453136605165,
                    "variance": 42941.970906948045,
                    "skewness": 0.6092054214479393,
                    "kurtosis": -0.39789719237777943
                },
                "running": {
                    "nobs": 1384,
                    "minmax": [
                        0.0,
                        1227.932994
                    ],
                    "mean": 338.3048387984104,
                    "variance": 68817.59569314533,
                    "skewness": 0.65864397287597,
                    "kurtosis": -0.06613427268114647
                }
            },
            "causes": [
                {
                    "what": "waiting time due to batching changed!",
                    "how": {
                        "reference": {
                            "nobs": 1355,
                            "minmax": [
                                0.0,
                                649.953495
                            ],
                            "mean": 7.497104699630996,
                            "variance": 3910.6417831608223,
                            "skewness": 8.468429763520303,
                            "kurtosis": 71.3248737659968
                        },
                        "running": {
                            "nobs": 1384,
                            "minmax": [
                                0.0,
                                1020.690441
                            ],
                            "mean": 19.933245385838152,
                            "variance": 11101.233224844276,
                            "skewness": 5.527923518585475,
                            "kurtosis": 31.09461106403593
                        }
                    },
                    "causes": []
                },
                {
                    "what": "waiting time due to resource contention changed!",
                    "how": {
                        "reference": {
                            "nobs": 1355,
                            "minmax": [
                                0.0,
                                995.976258
                            ],
                            "mean": 223.47742666642068,
                            "variance": 41313.14371285672,
                            "skewness": 0.6267968427252564,
                            "kurtosis": -0.3757674252851819
                        },
                        "running": {
                            "nobs": 1384,
                            "minmax": [
                                0.0,
                                1227.932994
                            ],
                            "mean": 318.3715934125723,
                            "variance": 64255.797462016555,
                            "skewness": 0.701349884057,
                            "kurtosis": 0.06351987088215383
                        }
                    },
                    "causes": []
                }
            ]
        }
    ]
}