{
    "what": "cycle time changed!",
    "how": {
        "reference": {
            "nobs": 1359,
            "minmax": [
                400.494541,
                1989.363449
            ],
            "mean": 941.3600768675498,
            "variance": 93362.44940847979,
            "skewness": 0.8036323263847935,
            "kurtosis": 0.2125370357336207
        },
        "running": {
            "nobs": 1362,
            "minmax": [
                451.691347,
                1669.033323
            ],
            "mean": 914.1612746174743,
            "variance": 66328.31730569652,
            "skewness": 0.2838199944288171,
            "kurtosis": -0.9153339604947508
        }
    },
    "causes": [
        {
            "what": "waiting time changed!",
            "how": {
                "reference": {
                    "nobs": 1359,
                    "minmax": [
                        0.0,
                        1386.635865
                    ],
                    "mean": 342.17785557395143,
                    "variance": 89870.93880536112,
                    "skewness": 0.8673372830704545,
                    "kurtosis": 0.30789725050851
                },
                "running": {
                    "nobs": 1362,
                    "minmax": [
                        0.0,
                        1067.653029
                    ],
                    "mean": 313.86365176578556,
                    "variance": 62969.64411067871,
                    "skewness": 0.2999745940013439,
                    "kurtosis": -0.9857687157488146
                }
            },
            "causes": [
                {
                    "what": "waiting time due to batching changed!",
                    "how": {
                        "reference": {
                            "nobs": 1359,
                            "minmax": [
                                0.0,
                                1120.006978
                            ],
                            "mean": 28.103369488594556,
                            "variance": 17770.417869571447,
                            "skewness": 4.881723116821541,
                            "kurtosis": 23.759479443660158
                        },
                        "running": {
                            "nobs": 1362,
                            "minmax": [
                                0.0,
                                949.16067
                            ],
                            "mean": 19.63157222246696,
                            "variance": 11354.72762462318,
                            "skewness": 5.605981723993679,
                            "kurtosis": 31.517928820940014
                        }
                    },
                    "causes": []
                },
                {
                    "what": "waiting time due to resource contention changed!",
                    "how": {
                        "reference": {
                            "nobs": 1359,
                            "minmax": [
                                0.0,
                                1362.296617
                            ],
                            "mean": 314.0744860853569,
                            "variance": 80182.57794620907,
                            "skewness": 0.8912131896559329,
                            "kurtosis": 0.4055097816997524
                        },
                        "running": {
                            "nobs": 1362,
                            "minmax": [
                                0.0,
                                1067.653029
                            ],
                            "mean": 294.23207954331866,
                            "variance": 61238.775074698795,
                            "skewness": 0.38899993996979865,
                            "kurtosis": -0.9368973353802228
                        }
                    },
                    "causes": []
                }
            ]
        }
    ]
}