{
    "what": "cycle time changed!",
    "how": {
        "reference": {
            "nobs": 1376,
            "minmax": [
                469.064686,
                1747.527047
            ],
            "mean": 864.1133270944767,
            "variance": 53217.00633547408,
            "skewness": 0.5545488259928137,
            "kurtosis": -0.238307246324712
        },
        "running": {
            "nobs": 1344,
            "minmax": [
                458.84189,
                1766.461822
            ],
            "mean": 836.1891055803571,
            "variance": 61909.21769592106,
            "skewness": 0.8895485311375892,
            "kurtosis": 0.26580393613207276
        }
    },
    "causes": [
        {
            "what": "waiting time changed!",
            "how": {
                "reference": {
                    "nobs": 1376,
                    "minmax": [
                        0.0,
                        1123.415006
                    ],
                    "mean": 265.44179509375,
                    "variance": 50808.88020061314,
                    "skewness": 0.5697526744708448,
                    "kurtosis": -0.34906598009835665
                },
                "running": {
                    "nobs": 1344,
                    "minmax": [
                        0.0,
                        1129.995803
                    ],
                    "mean": 237.64825725520834,
                    "variance": 57355.227039885875,
                    "skewness": 0.9633625673572641,
                    "kurtosis": 0.3298813025253011
                }
            },
            "causes": [
                {
                    "what": "waiting time due to resource contention changed!",
                    "how": {
                        "reference": {
                            "nobs": 1376,
                            "minmax": [
                                0.0,
                                1042.013631
                            ],
                            "mean": 258.34284689389534,
                            "variance": 49304.17414849518,
                            "skewness": 0.5705154056175417,
                            "kurtosis": -0.4009723390703823
                        },
                        "running": {
                            "nobs": 1344,
                            "minmax": [
                                0.0,
                                1129.995803
                            ],
                            "mean": 228.41555740476193,
                            "variance": 53929.70643705088,
                            "skewness": 0.985246161093736,
                            "kurtosis": 0.4139747724866423
                        }
                    },
                    "causes": []
                }
            ]
        }
    ]
}