{
    "what": "cycle time changed!",
    "how": {
        "reference": {
            "nobs": 1377,
            "minmax": [
                455.029984,
                1909.172283
            ],
            "mean": 917.7923665555556,
            "variance": 74915.72789575216,
            "skewness": 0.7210643837504959,
            "kurtosis": 0.40540427195904183
        },
        "running": {
            "nobs": 1375,
            "minmax": [
                428.541348,
                2268.287398
            ],
            "mean": 947.222576568,
            "variance": 103303.03320921256,
            "skewness": 0.9727963866336166,
            "kurtosis": 0.8845485200236878
        }
    },
    "causes": [
        {
            "what": "waiting time changed!",
            "how": {
                "reference": {
                    "nobs": 1377,
                    "minmax": [
                        0.0,
                        1272.720365
                    ],
                    "mean": 318.0710754894699,
                    "variance": 71269.05032305086,
                    "skewness": 0.8127600077193431,
                    "kurtosis": 0.5273155999564549
                },
                "running": {
                    "nobs": 1375,
                    "minmax": [
                        0.0,
                        1696.814779
                    ],
                    "mean": 347.72116556509087,
                    "variance": 100241.6985606244,
                    "skewness": 1.037949775970083,
                    "kurtosis": 0.9720377747201163
                }
            },
            "causes": [
                {
                    "what": "waiting time due to batching changed!",
                    "how": {
                        "reference": {
                            "nobs": 1377,
                            "minmax": [
                                0.0,
                                854.700945
                            ],
                            "mean": 13.06297539869281,
                            "variance": 7735.035507311547,
                            "skewness": 6.914690909286968,
                            "kurtosis": 48.21145966253895
                        },
                        "running": {
                            "nobs": 1375,
                            "minmax": [
                                0.0,
                                1120.84646
                            ],
                            "mean": 21.733262112,
                            "variance": 13804.379492260352,
                            "skewness": 5.664933479378774,
                            "kurtosis": 32.962842588026355
                        }
                    },
                    "causes": [
                        {
                            "what": "batch creation policies changed!",
                            "how": {
                                "reference": {
                                    "(attributes.revenue <= 82.01939) && (resource != Base profile_4)": {
                                        "true_positives": 2,
                                        "true_negatives": 1295,
                                        "false_positives": 5,
                                        "false_negatives": 62,
                                        "f1_score": 0.056338028169014086,
                                        "classification_accuracy": 0.9508797653958945
                                    }
                                },
                                "running": {
                                    "(attributes.revenue <= 82.01939) && (resource != Base profile_4)": {
                                        "true_positives": 2,
                                        "true_negatives": 1256,
                                        "false_positives": 7,
                                        "false_negatives": 97,
                                        "f1_score": 0.03703703703703704,
                                        "classification_accuracy": 0.9236417033773862
                                    }
                                }
                            },
                            "causes": []
                        }
                    ]
                },
                {
                    "what": "waiting time due to resource contention changed!",
                    "how": {
                        "reference": {
                            "nobs": 1377,
                            "minmax": [
                                0.0,
                                1272.720365
                            ],
                            "mean": 305.0081000907771,
                            "variance": 67885.34432248844,
                            "skewness": 0.8276078207380126,
                            "kurtosis": 0.5825107709643378
                        },
                        "running": {
                            "nobs": 1375,
                            "minmax": [
                                0.0,
                                1696.814779
                            ],
                            "mean": 325.9879034530909,
                            "variance": 92709.83093133236,
                            "skewness": 1.105836976122686,
                            "kurtosis": 1.2727604919563005
                        }
                    },
                    "causes": []
                }
            ]
        }
    ]
}