{
    "what": "cycle time changed!",
    "how": {
        "reference": {
            "nobs": 1342,
            "minmax": [
                430.469858,
                1899.046589
            ],
            "mean": 858.4295041542474,
            "variance": 69081.35452497959,
            "skewness": 0.8528380665431226,
            "kurtosis": 0.1927689680222726
        },
        "running": {
            "nobs": 1388,
            "minmax": [
                466.556006,
                2270.9294
            ],
            "mean": 960.7895138148415,
            "variance": 138328.19020937884,
            "skewness": 1.1354567881575122,
            "kurtosis": 0.9218607940644481
        }
    },
    "causes": [
        {
            "what": "waiting time changed!",
            "how": {
                "reference": {
                    "nobs": 1342,
                    "minmax": [
                        0.0,
                        1126.891704
                    ],
                    "mean": 256.74367175931445,
                    "variance": 64946.29298555555,
                    "skewness": 0.8658153732238254,
                    "kurtosis": 0.01579872669668303
                },
                "running": {
                    "nobs": 1388,
                    "minmax": [
                        0.0,
                        1658.213386
                    ],
                    "mean": 358.10586406051874,
                    "variance": 134384.4837176608,
                    "skewness": 1.173532513259651,
                    "kurtosis": 0.9855034043560056
                }
            },
            "causes": [
                {
                    "what": "waiting time due to batching changed!",
                    "how": {
                        "reference": {
                            "nobs": 1342,
                            "minmax": [
                                0.0,
                                891.518964
                            ],
                            "mean": 5.313393060357675,
                            "variance": 3087.59656038231,
                            "skewness": 11.00265114666575,
                            "kurtosis": 126.32266736761198
                        },
                        "running": {
                            "nobs": 1388,
                            "minmax": [
                                0.0,
                                1320.38801
                            ],
                            "mean": 30.39086913112392,
                            "variance": 21320.39749879573,
                            "skewness": 5.286238940234774,
                            "kurtosis": 30.041406958539532
                        }
                    },
                    "causes": []
                },
                {
                    "what": "waiting time due to resource contention changed!",
                    "how": {
                        "reference": {
                            "nobs": 1342,
                            "minmax": [
                                0.0,
                                1126.891704
                            ],
                            "mean": 251.43027869895678,
                            "variance": 63753.36117109221,
                            "skewness": 0.8998238411859825,
                            "kurtosis": 0.1093923183271035
                        },
                        "running": {
                            "nobs": 1388,
                            "minmax": [
                                0.0,
                                1658.213386
                            ],
                            "mean": 327.71499492939483,
                            "variance": 115676.41198629889,
                            "skewness": 1.2125374339604638,
                            "kurtosis": 1.2541817066636147
                        }
                    },
                    "causes": []
                }
            ]
        }
    ]
}