{
    "what": "cycle time changed!",
    "how": {
        "reference": {
            "nobs": 1382,
            "minmax": [
                460.151976,
                1913.531491
            ],
            "mean": 945.3771928494936,
            "variance": 87575.86915002581,
            "skewness": 0.49945195887470933,
            "kurtosis": -0.5339613559956975
        },
        "running": {
            "nobs": 1357,
            "minmax": [
                454.02349,
                1913.531491
            ],
            "mean": 845.4140648673546,
            "variance": 56434.54222357276,
            "skewness": 0.889887412316685,
            "kurtosis": 0.7408861650787677
        }
    },
    "causes": [
        {
            "what": "waiting time changed!",
            "how": {
                "reference": {
                    "nobs": 1382,
                    "minmax": [
                        0.0,
                        1266.975886
                    ],
                    "mean": 344.8109461649783,
                    "variance": 84404.45829766424,
                    "skewness": 0.5267727627053426,
                    "kurtosis": -0.5626349630983913
                },
                "running": {
                    "nobs": 1357,
                    "minmax": [
                        0.0,
                        1266.975886
                    ],
                    "mean": 245.05770018275607,
                    "variance": 54075.96084478277,
                    "skewness": 0.9503209202740727,
                    "kurtosis": 0.7893210469419625
                }
            },
            "causes": [
                {
                    "what": "waiting time due to batching changed!",
                    "how": {
                        "reference": {
                            "nobs": 1382,
                            "minmax": [
                                0.0,
                                1088.093474
                            ],
                            "mean": 26.909362267004337,
                            "variance": 16155.2506777871,
                            "skewness": 4.748209849567202,
                            "kurtosis": 21.82921234642934
                        },
                        "running": {
                            "nobs": 1357,
                            "minmax": [
                                0.0,
                                1088.093474
                            ],
                            "mean": 9.616201109801032,
                            "variance": 6328.573487875948,
                            "skewness": 8.754336874582371,
                            "kurtosis": 80.28737155406844
                        }
                    },
                    "causes": []
                },
                {
                    "what": "waiting time due to resource contention changed!",
                    "how": {
                        "reference": {
                            "nobs": 1382,
                            "minmax": [
                                0.0,
                                1234.210584
                            ],
                            "mean": 317.901583897974,
                            "variance": 79037.21071150145,
                            "skewness": 0.6389612598853996,
                            "kurtosis": -0.39116236574935703
                        },
                        "running": {
                            "nobs": 1357,
                            "minmax": [
                                0.0,
                                1234.210584
                            ],
                            "mean": 235.44149907295503,
                            "variance": 50335.692524292484,
                            "skewness": 0.9174079955242783,
                            "kurtosis": 0.633589531377392
                        }
                    },
                    "causes": []
                }
            ]
        }
    ]
}