{
    "what": "cycle time changed!",
    "how": {
        "reference": {
            "nobs": 1357,
            "minmax": [
                438.85569,
                1745.127503
            ],
            "mean": 904.0537135755343,
            "variance": 66241.3534297016,
            "skewness": 0.46836177599362283,
            "kurtosis": -0.42821895372738483
        },
        "running": {
            "nobs": 1388,
            "minmax": [
                432.804353,
                2253.028867
            ],
            "mean": 1028.874051711095,
            "variance": 108497.09740153613,
            "skewness": 0.4834001401516802,
            "kurtosis": -0.12668398504325573
        }
    },
    "causes": [
        {
            "what": "waiting time changed!",
            "how": {
                "reference": {
                    "nobs": 1357,
                    "minmax": [
                        0.0,
                        1115.381975
                    ],
                    "mean": 306.7541843935151,
                    "variance": 63456.25768561313,
                    "skewness": 0.516789959437534,
                    "kurtosis": -0.4393708486373935
                },
                "running": {
                    "nobs": 1388,
                    "minmax": [
                        0.0,
                        1640.071723
                    ],
                    "mean": 429.2084799697406,
                    "variance": 105112.4194708601,
                    "skewness": 0.49725746079212885,
                    "kurtosis": -0.16028119691033949
                }
            },
            "causes": [
                {
                    "what": "waiting time due to batching changed!",
                    "how": {
                        "reference": {
                            "nobs": 1357,
                            "minmax": [
                                0.0,
                                922.956736
                            ],
                            "mean": 13.430020630803241,
                            "variance": 7724.041790613639,
                            "skewness": 6.763971340828699,
                            "kurtosis": 45.703819506372604
                        },
                        "running": {
                            "nobs": 1388,
                            "minmax": [
                                0.0,
                                1049.813109
                            ],
                            "mean": 31.200448167867435,
                            "variance": 18581.3830004004,
                            "skewness": 4.38480353751239,
                            "kurtosis": 18.477703999898296
                        }
                    },
                    "causes": []
                },
                {
                    "what": "waiting time due to resource contention changed!",
                    "how": {
                        "reference": {
                            "nobs": 1357,
                            "minmax": [
                                0.0,
                                1045.425022
                            ],
                            "mean": 292.9222691120118,
                            "variance": 60659.23905571906,
                            "skewness": 0.5425304405285234,
                            "kurtosis": -0.4285801944782244
                        },
                        "running": {
                            "nobs": 1388,
                            "minmax": [
                                0.0,
                                1640.071723
                            ],
                            "mean": 398.0080318018732,
                            "variance": 101238.19789287138,
                            "skewness": 0.6144293664522654,
                            "kurtosis": 0.03414227221657118
                        }
                    },
                    "causes": []
                }
            ]
        }
    ]
}