{
    "what": "cycle time changed!",
    "how": {
        "reference": {
            "nobs": 1372,
            "minmax": [
                430.896038,
                1703.493434
            ],
            "mean": 942.1420386129739,
            "variance": 84253.10444105779,
            "skewness": 0.3395110352215588,
            "kurtosis": -0.9091671999503652
        },
        "running": {
            "nobs": 1390,
            "minmax": [
                458.876393,
                1808.148332
            ],
            "mean": 991.0842726611511,
            "variance": 99537.04404379523,
            "skewness": 0.29205772578621647,
            "kurtosis": -0.8931619668339774
        }
    },
    "causes": [
        {
            "what": "waiting time changed!",
            "how": {
                "reference": {
                    "nobs": 1372,
                    "minmax": [
                        0.0,
                        1107.24683
                    ],
                    "mean": 343.2972786865889,
                    "variance": 81269.55917939985,
                    "skewness": 0.3625326656254743,
                    "kurtosis": -0.9853308333915565
                },
                "running": {
                    "nobs": 1390,
                    "minmax": [
                        0.0,
                        1241.166514
                    ],
                    "mean": 391.0297119107914,
                    "variance": 96048.16253774251,
                    "skewness": 0.32073828321969794,
                    "kurtosis": -0.9315377196652528
                }
            },
            "causes": [
                {
                    "what": "waiting time due to resource contention changed!",
                    "how": {
                        "reference": {
                            "nobs": 1372,
                            "minmax": [
                                0.0,
                                1084.590757
                            ],
                            "mean": 307.68969977332364,
                            "variance": 75029.84124676352,
                            "skewness": 0.5233016035394562,
                            "kurtosis": -0.8063035743845788
                        },
                        "running": {
                            "nobs": 1390,
                            "minmax": [
                                0.0,
                                1241.166514
                            ],
                            "mean": 360.23205249424456,
                            "variance": 91516.13315807478,
                            "skewness": 0.4591049539928445,
                            "kurtosis": -0.7832132632948299
                        }
                    },
                    "causes": []
                }
            ]
        }
    ]
}