{
    "what": "cycle time changed!",
    "how": {
        "reference": {
            "nobs": 1363,
            "minmax": [
                359.665657,
                766.665049
            ],
            "mean": 599.169483,
            "variance": 3777.826393540721,
            "skewness": -0.05680809713043423,
            "kurtosis": -0.11181548541341035
        },
        "running": {
            "nobs": 1375,
            "minmax": [
                422.826234,
                1560.533873
            ],
            "mean": 699.877132629091,
            "variance": 35226.59385929935,
            "skewness": 1.5456028778362843,
            "kurtosis": 1.9346125893777373
        }
    },
    "causes": [
        {
            "what": "waiting time changed!",
            "how": {
                "reference": {
                    "nobs": 1363,
                    "minmax": [
                        0.0,
                        0.0
                    ],
                    "mean": 0.0,
                    "variance": 0.0,
                    "skewness": NaN,
                    "kurtosis": NaN
                },
                "running": {
                    "nobs": 1375,
                    "minmax": [
                        0.0,
                        977.045732
                    ],
                    "mean": 99.99935997236364,
                    "variance": 32301.873407577736,
                    "skewness": 1.8548217587847418,
                    "kurtosis": 2.6119194350469357
                }
            },
            "causes": [
                {
                    "what": "waiting time due to batching changed!",
                    "how": {
                        "reference": {
                            "nobs": 1363,
                            "minmax": [
                                0.0,
                                0.0
                            ],
                            "mean": 0.0,
                            "variance": 0.0,
                            "skewness": NaN,
                            "kurtosis": NaN
                        },
                        "running": {
                            "nobs": 1375,
                            "minmax": [
                                0.0,
                                934.99462
                            ],
                            "mean": 2.713848128,
                            "variance": 1695.0917221216282,
                            "skewness": 16.54314190388263,
                            "kurtosis": 294.25290045466795
                        }
                    },
                    "causes": []
                },
                {
                    "what": "waiting time due to resource contention changed!",
                    "how": {
                        "reference": {
                            "nobs": 1363,
                            "minmax": [
                                0.0,
                                0.0
                            ],
                            "mean": 0.0,
                            "variance": 0.0,
                            "skewness": NaN,
                            "kurtosis": NaN
                        },
                        "running": {
                            "nobs": 1375,
                            "minmax": [
                                0.0,
                                977.045732
                            ],
                            "mean": 97.28551184436364,
                            "variance": 30741.01775773535,
                            "skewness": 1.856790808152019,
                            "kurtosis": 2.596022609607086
                        }
                    },
                    "causes": []
                }
            ]
        }
    ]
}