{
    "what": "cycle time changed!",
    "how": {
        "reference": {
            "nobs": 1365,
            "minmax": [
                403.438409,
                1732.849152
            ],
            "mean": 840.1254746659341,
            "variance": 57331.91959795536,
            "skewness": 0.7196932285729353,
            "kurtosis": -0.18778773183705377
        },
        "running": {
            "nobs": 1363,
            "minmax": [
                403.438409,
                1732.849152
            ],
            "mean": 918.8719509214966,
            "variance": 69997.92227076947,
            "skewness": 0.34004263957713066,
            "kurtosis": -0.7329765003449253
        }
    },
    "causes": [
        {
            "what": "waiting time changed!",
            "how": {
                "reference": {
                    "nobs": 1365,
                    "minmax": [
                        0.0,
                        1117.427411
                    ],
                    "mean": 237.65140441684983,
                    "variance": 52925.89905222633,
                    "skewness": 0.8152555717116592,
                    "kurtosis": -0.17812899571055363
                },
                "running": {
                    "nobs": 1363,
                    "minmax": [
                        0.0,
                        1117.427411
                    ],
                    "mean": 316.7801422223037,
                    "variance": 67504.37128285874,
                    "skewness": 0.4017709529141196,
                    "kurtosis": -0.80807921431881
                }
            },
            "causes": [
                {
                    "what": "waiting time due to batching changed!",
                    "how": {
                        "reference": {
                            "nobs": 1365,
                            "minmax": [
                                0.0,
                                915.67655
                            ],
                            "mean": 13.678197122344322,
                            "variance": 8742.168916089784,
                            "skewness": 7.000679483720607,
                            "kurtosis": 49.17112785790555
                        },
                        "running": {
                            "nobs": 1363,
                            "minmax": [
                                0.0,
                                883.539242
                            ],
                            "mean": 20.818440343360233,
                            "variance": 12427.887430761695,
                            "skewness": 5.438257668734406,
                            "kurtosis": 29.07102843925641
                        }
                    },
                    "causes": []
                },
                {
                    "what": "waiting time due to resource contention changed!",
                    "how": {
                        "reference": {
                            "nobs": 1365,
                            "minmax": [
                                0.0,
                                1117.427411
                            ],
                            "mean": 223.97320729450547,
                            "variance": 48973.753651103914,
                            "skewness": 0.8509958715793953,
                            "kurtosis": -0.10821890358885611
                        },
                        "running": {
                            "nobs": 1363,
                            "minmax": [
                                0.0,
                                1117.427411
                            ],
                            "mean": 295.96170187894353,
                            "variance": 64178.99177458568,
                            "skewness": 0.48859233209277114,
                            "kurtosis": -0.7072007708657813
                        }
                    },
                    "causes": []
                }
            ]
        }
    ]
}