{
    "what": "cycle time changed!",
    "how": {
        "reference": {
            "nobs": 1371,
            "minmax": [
                446.609543,
                1654.494847
            ],
            "mean": 918.9158752312181,
            "variance": 71515.15320213015,
            "skewness": 0.33576851559458626,
            "kurtosis": -0.7883090910258193
        },
        "running": {
            "nobs": 1368,
            "minmax": [
                435.21676,
                1702.146365
            ],
            "mean": 894.3455080285087,
            "variance": 61438.72223234701,
            "skewness": 0.5327057287477335,
            "kurtosis": -0.33067887960757325
        }
    },
    "causes": [
        {
            "what": "waiting time changed!",
            "how": {
                "reference": {
                    "nobs": 1371,
                    "minmax": [
                        0.0,
                        1032.883092
                    ],
                    "mean": 318.9551703982495,
                    "variance": 68670.77777881458,
                    "skewness": 0.3689656755306418,
                    "kurtosis": -0.8689807181260378
                },
                "running": {
                    "nobs": 1368,
                    "minmax": [
                        0.0,
                        1042.106106
                    ],
                    "mean": 292.3135971001462,
                    "variance": 58893.68542184837,
                    "skewness": 0.5964762680840765,
                    "kurtosis": -0.323997385177599
                }
            },
            "causes": [
                {
                    "what": "waiting time due to batching changed!",
                    "how": {
                        "reference": {
                            "nobs": 1371,
                            "minmax": [
                                0.0,
                                863.314846
                            ],
                            "mean": 18.201039849015313,
                            "variance": 10220.700192823617,
                            "skewness": 5.641248992371748,
                            "kurtosis": 31.261905837438732
                        },
                        "running": {
                            "nobs": 1368,
                            "minmax": [
                                0.0,
                                810.707919
                            ],
                            "mean": 11.707239601608189,
                            "variance": 6857.768284021891,
                            "skewness": 7.202322426837949,
                            "kurtosis": 51.665241097308396
                        }
                    },
                    "causes": []
                },
                {
                    "what": "waiting time due to resource contention changed!",
                    "how": {
                        "reference": {
                            "nobs": 1371,
                            "minmax": [
                                0.0,
                                1032.883092
                            ],
                            "mean": 300.7541305492341,
                            "variance": 66114.1396441879,
                            "skewness": 0.45357067277598795,
                            "kurtosis": -0.7795990400221555
                        },
                        "running": {
                            "nobs": 1368,
                            "minmax": [
                                0.0,
                                1042.106106
                            ],
                            "mean": 280.60635749853805,
                            "variance": 56801.8966225066,
                            "skewness": 0.6417102747241896,
                            "kurtosis": -0.2309422077141443
                        }
                    },
                    "causes": []
                }
            ]
        }
    ]
}