{
    "what": "cycle time changed!",
    "how": {
        "reference": {
            "nobs": 1382,
            "minmax": [
                460.438995,
                1773.169127
            ],
            "mean": 973.9867346613604,
            "variance": 72633.56910952259,
            "skewness": 0.20991114595042157,
            "kurtosis": -0.6059869935401543
        },
        "running": {
            "nobs": 1385,
            "minmax": [
                431.337238,
                1881.466902
            ],
            "mean": 993.5041724209386,
            "variance": 90298.81453808719,
            "skewness": 0.22120045238218494,
            "kurtosis": -0.754822762509284
        }
    },
    "causes": [
        {
            "what": "waiting time changed!",
            "how": {
                "reference": {
                    "nobs": 1382,
                    "minmax": [
                        0.0,
                        1160.470142
                    ],
                    "mean": 373.7089575195369,
                    "variance": 70637.22106973926,
                    "skewness": 0.25409422912041996,
                    "kurtosis": -0.617194356885431
                },
                "running": {
                    "nobs": 1385,
                    "minmax": [
                        0.0,
                        1198.051684
                    ],
                    "mean": 391.5783069436823,
                    "variance": 87542.44497221752,
                    "skewness": 0.26265889482284804,
                    "kurtosis": -0.8058743104317858
                }
            },
            "causes": [
                {
                    "what": "waiting time due to batching changed!",
                    "how": {
                        "reference": {
                            "nobs": 1382,
                            "minmax": [
                                0.0,
                                909.735585
                            ],
                            "mean": 18.10948756729378,
                            "variance": 11244.326186315644,
                            "skewness": 6.073502117424032,
                            "kurtosis": 36.64436633049929
                        },
                        "running": {
                            "nobs": 1385,
                            "minmax": [
                                0.0,
                                920.259583
                            ],
                            "mean": 25.34540848086643,
                            "variance": 15639.397664599173,
                            "skewness": 5.067393735218205,
                            "kurtosis": 25.088570621821766
                        }
                    },
                    "causes": []
                }
            ]
        }
    ]
}