{
    "what": "cycle time changed!",
    "how": {
        "reference": {
            "nobs": 1381,
            "minmax": [
                441.399705,
                1967.052402
            ],
            "mean": 893.1808670550324,
            "variance": 72790.50249439644,
            "skewness": 0.5710778996672095,
            "kurtosis": -0.2468038135111441
        },
        "running": {
            "nobs": 1385,
            "minmax": [
                420.817417,
                2543.475143
            ],
            "mean": 946.0451208974731,
            "variance": 141755.93227060436,
            "skewness": 1.4496398265820605,
            "kurtosis": 2.2140687519169253
        }
    },
    "causes": [
        {
            "what": "waiting time changed!",
            "how": {
                "reference": {
                    "nobs": 1381,
                    "minmax": [
                        0.0,
                        1224.979102
                    ],
                    "mean": 292.98812897320784,
                    "variance": 69805.37936959032,
                    "skewness": 0.6071652519586946,
                    "kurtosis": -0.36298947528245407
                },
                "running": {
                    "nobs": 1385,
                    "minmax": [
                        0.0,
                        1954.431149
                    ],
                    "mean": 345.6278550628159,
                    "variance": 138927.10294054376,
                    "skewness": 1.5048238630543813,
                    "kurtosis": 2.3737810381161157
                }
            },
            "causes": [
                {
                    "what": "waiting time due to batching changed!",
                    "how": {
                        "reference": {
                            "nobs": 1381,
                            "minmax": [
                                0.0,
                                938.355417
                            ],
                            "mean": 15.78117157494569,
                            "variance": 8798.713371993996,
                            "skewness": 6.4074693136322125,
                            "kurtosis": 42.85241608027198
                        },
                        "running": {
                            "nobs": 1385,
                            "minmax": [
                                0.0,
                                1582.278754
                            ],
                            "mean": 24.514773705415166,
                            "variance": 16819.05812010389,
                            "skewness": 5.927471132675474,
                            "kurtosis": 39.649458098431616
                        }
                    },
                    "causes": []
                },
                {
                    "what": "waiting time due to resource contention changed!",
                    "how": {
                        "reference": {
                            "nobs": 1381,
                            "minmax": [
                                0.0,
                                1224.979102
                            ],
                            "mean": 277.20695739826215,
                            "variance": 67126.6177352562,
                            "skewness": 0.6800770601450582,
                            "kurtosis": -0.21896824592069164
                        },
                        "running": {
                            "nobs": 1385,
                            "minmax": [
                                0.0,
                                1954.431149
                            ],
                            "mean": 321.11308135740074,
                            "variance": 120613.04755465154,
                            "skewness": 1.5001237080619094,
                            "kurtosis": 2.5185837736870598
                        }
                    },
                    "causes": []
                }
            ]
        }
    ]
}