{
    "what": "cycle time changed!",
    "how": {
        "reference": {
            "nobs": 1385,
            "minmax": [
                451.557824,
                2362.706474
            ],
            "mean": 992.1116799927797,
            "variance": 125689.16400789442,
            "skewness": 1.0287959753427247,
            "kurtosis": 1.2818258748800755
        },
        "running": {
            "nobs": 1387,
            "minmax": [
                455.180472,
                2362.706474
            ],
            "mean": 949.4363727418889,
            "variance": 138538.1225330011,
            "skewness": 1.154686174910747,
            "kurtosis": 1.1338539051325789
        }
    },
    "causes": [
        {
            "what": "waiting time changed!",
            "how": {
                "reference": {
                    "nobs": 1385,
                    "minmax": [
                        0.0,
                        1754.847218
                    ],
                    "mean": 392.1583881552346,
                    "variance": 120355.74276122544,
                    "skewness": 1.0801887484559163,
                    "kurtosis": 1.3538493042916198
                },
                "running": {
                    "nobs": 1387,
                    "minmax": [
                        0.0,
                        1754.847218
                    ],
                    "mean": 350.12114827974045,
                    "variance": 133461.44387500116,
                    "skewness": 1.1939481856597196,
                    "kurtosis": 1.1676619196138098
                }
            },
            "causes": [
                {
                    "what": "waiting time due to resource contention changed!",
                    "how": {
                        "reference": {
                            "nobs": 1385,
                            "minmax": [
                                0.0,
                                1754.847218
                            ],
                            "mean": 363.80726007725633,
                            "variance": 112632.93254332569,
                            "skewness": 1.149332422525796,
                            "kurtosis": 1.6188658120918653
                        },
                        "running": {
                            "nobs": 1387,
                            "minmax": [
                                0.0,
                                1754.847218
                            ],
                            "mean": 324.63912411824083,
                            "variance": 122125.19660109433,
                            "skewness": 1.2951722403275272,
                            "kurtosis": 1.577278264450615
                        }
                    },
                    "causes": []
                }
            ]
        }
    ]
}