{
    "what": "cycle time changed!",
    "how": {
        "reference": {
            "nobs": 1394,
            "minmax": [
                412.147349,
                821.528206
            ],
            "mean": 598.5409505294118,
            "variance": 3474.825439675108,
            "skewness": -0.028301932867236042,
            "kurtosis": 0.23600788179296206
        },
        "running": {
            "nobs": 1366,
            "minmax": [
                415.849622,
                780.339382
            ],
            "mean": 603.9626620102489,
            "variance": 3341.5571731553287,
            "skewness": -0.05326304759628509,
            "kurtosis": -0.10509508835052994
        }
    },
    "causes": [
        {
            "what": "processing time changed!",
            "how": {
                "reference": {
                    "nobs": 1394,
                    "minmax": [
                        412.147349,
                        821.528206
                    ],
                    "mean": 598.5409505294118,
                    "variance": 3474.825439675108,
                    "skewness": -0.028301932867236042,
                    "kurtosis": 0.23600788179296206
                },
                "running": {
                    "nobs": 1366,
                    "minmax": [
                        415.849622,
                        780.339382
                    ],
                    "mean": 603.9626620102489,
                    "variance": 3341.5571731553287,
                    "skewness": -0.05326304759628509,
                    "kurtosis": -0.10509508835052994
                }
            },
            "causes": [
                {
                    "what": "processing time with resources available changed!",
                    "how": {
                        "reference": {
                            "nobs": 1394,
                            "minmax": [
                                412.147349,
                                821.528206
                            ],
                            "mean": 598.5409505294118,
                            "variance": 3474.825439675108,
                            "skewness": -0.028301932867236042,
                            "kurtosis": 0.23600788179296206
                        },
                        "running": {
                            "nobs": 1366,
                            "minmax": [
                                415.849622,
                                780.339382
                            ],
                            "mean": 603.9626620102489,
                            "variance": 3341.5571731553287,
                            "skewness": -0.05326304759628509,
                            "kurtosis": -0.10509508835052994
                        }
                    },
                    "causes": []
                }
            ]
        }
    ]
}