{
    "what": "cycle time changed!",
    "how": {
        "reference": {
            "nobs": 13501,
            "minmax": [
                396.43889,
                1507.732127
            ],
            "mean": 878.6654941916897,
            "variance": 36808.48216353917,
            "skewness": 0.18954606475946234,
            "kurtosis": -0.6347895872759444
        },
        "running": {
            "nobs": 13350,
            "minmax": [
                390.63684,
                1340.847276
            ],
            "mean": 824.7736995835954,
            "variance": 30575.69229068575,
            "skewness": 0.26079720362498576,
            "kurtosis": -0.6884073479838881
        }
    },
    "causes": [
        {
            "what": "waiting time changed!",
            "how": {
                "reference": {
                    "nobs": 13501,
                    "minmax": [
                        0.0,
                        789.889718
                    ],
                    "mean": 279.3599160488853,
                    "variance": 33420.85685859732,
                    "skewness": 0.19262522416341096,
                    "kurtosis": -0.799101959983759
                },
                "running": {
                    "nobs": 13350,
                    "minmax": [
                        0.0,
                        641.981528
                    ],
                    "mean": 224.5051765866667,
                    "variance": 26909.782264930807,
                    "skewness": 0.30954168528044346,
                    "kurtosis": -0.8893502834795193
                }
            },
            "causes": [
                {
                    "what": "waiting time due to resource contention changed!",
                    "how": {
                        "reference": {
                            "nobs": 13501,
                            "minmax": [
                                0.0,
                                789.889718
                            ],
                            "mean": 274.9095153084216,
                            "variance": 32964.37153329718,
                            "skewness": 0.20182269496853106,
                            "kurtosis": -0.7965715680765602
                        },
                        "running": {
                            "nobs": 13350,
                            "minmax": [
                                0.0,
                                641.981528
                            ],
                            "mean": 223.3365127486891,
                            "variance": 26797.258224509336,
                            "skewness": 0.3141089932244098,
                            "kurtosis": -0.8843101479745163
                        }
                    },
                    "causes": []
                }
            ]
        }
    ]
}