{
    "what": "cycle time changed!",
    "how": {
        "reference": {
            "nobs": 1403,
            "minmax": [
                391.360842,
                804.837906
            ],
            "mean": 599.1151220990733,
            "variance": 3536.740739473908,
            "skewness": 0.055333910488877855,
            "kurtosis": -0.022341418371947697
        },
        "running": {
            "nobs": 3151,
            "minmax": [
                396.752285,
                1389.79976
            ],
            "mean": 784.0068113490955,
            "variance": 46984.09973557616,
            "skewness": 0.67424946258616,
            "kurtosis": -0.6398392136691409
        }
    },
    "causes": [
        {
            "what": "waiting time changed!",
            "how": {
                "reference": {
                    "nobs": 1403,
                    "minmax": [
                        0.0,
                        0.0
                    ],
                    "mean": 0.0,
                    "variance": 0.0,
                    "skewness": NaN,
                    "kurtosis": NaN
                },
                "running": {
                    "nobs": 3151,
                    "minmax": [
                        0.0,
                        727.549892
                    ],
                    "mean": 184.5521066483656,
                    "variance": 43218.54100910816,
                    "skewness": 0.7537752391767866,
                    "kurtosis": -0.7669711175989824
                }
            },
            "causes": [
                {
                    "what": "waiting time due to batching changed!",
                    "how": {
                        "reference": {
                            "nobs": 1403,
                            "minmax": [
                                0.0,
                                0.0
                            ],
                            "mean": 0.0,
                            "variance": 0.0,
                            "skewness": NaN,
                            "kurtosis": NaN
                        },
                        "running": {
                            "nobs": 3151,
                            "minmax": [
                                0.0,
                                598.37129
                            ],
                            "mean": 3.1280935610917173,
                            "variance": 1638.5188976601673,
                            "skewness": 13.015624203022035,
                            "kurtosis": 169.03498124371757
                        }
                    },
                    "causes": []
                },
                {
                    "what": "waiting time due to resource contention changed!",
                    "how": {
                        "reference": {
                            "nobs": 1403,
                            "minmax": [
                                0.0,
                                0.0
                            ],
                            "mean": 0.0,
                            "variance": 0.0,
                            "skewness": NaN,
                            "kurtosis": NaN
                        },
                        "running": {
                            "nobs": 3151,
                            "minmax": [
                                0.0,
                                727.549892
                            ],
                            "mean": 181.42401308727392,
                            "variance": 42394.077006457206,
                            "skewness": 0.7749503678516196,
                            "kurtosis": -0.7221858415210742
                        }
                    },
                    "causes": []
                }
            ]
        }
    ]
}