{
    "what": "cycle time changed!",
    "how": {
        "reference": {
            "nobs": 1347,
            "minmax": [
                450.406413,
                1761.496444
            ],
            "mean": 874.1369466622123,
            "variance": 64748.707535470814,
            "skewness": 0.6629482687348983,
            "kurtosis": 0.06799756497541232
        },
        "running": {
            "nobs": 1348,
            "minmax": [
                442.572655,
                2033.848847
            ],
            "mean": 887.5525077485163,
            "variance": 92580.42014952133,
            "skewness": 0.9871891274690893,
            "kurtosis": 0.3730477729170425
        }
    },
    "causes": [
        {
            "what": "waiting time changed!",
            "how": {
                "reference": {
                    "nobs": 1347,
                    "minmax": [
                        0.0,
                        1183.751886
                    ],
                    "mean": 275.23656170898295,
                    "variance": 62191.38118430187,
                    "skewness": 0.7433923740155786,
                    "kurtosis": 0.10723692144790986
                },
                "running": {
                    "nobs": 1348,
                    "minmax": [
                        0.0,
                        1379.177833
                    ],
                    "mean": 287.3793573249258,
                    "variance": 89132.98084912449,
                    "skewness": 1.044714737063578,
                    "kurtosis": 0.46059139966009033
                }
            },
            "causes": [
                {
                    "what": "waiting time due to batching changed!",
                    "how": {
                        "reference": {
                            "nobs": 1347,
                            "minmax": [
                                0.0,
                                1061.408632
                            ],
                            "mean": 11.52725156421678,
                            "variance": 6576.872807696915,
                            "skewness": 7.550058788441566,
                            "kurtosis": 60.734214743524404
                        },
                        "running": {
                            "nobs": 1348,
                            "minmax": [
                                0.0,
                                972.019279
                            ],
                            "mean": 15.55080562759644,
                            "variance": 9333.98961846158,
                            "skewness": 6.445277281349872,
                            "kurtosis": 41.87957961198203
                        }
                    },
                    "causes": []
                }
            ]
        }
    ]
}