{
    "what": "cycle time changed!",
    "how": {
        "reference": {
            "nobs": 1386,
            "minmax": [
                443.29555,
                1977.172349
            ],
            "mean": 901.2277565873017,
            "variance": 68915.8295706674,
            "skewness": 0.792124516723793,
            "kurtosis": 0.5486723174902131
        },
        "running": {
            "nobs": 1362,
            "minmax": [
                431.876329,
                1831.386148
            ],
            "mean": 914.744338349486,
            "variance": 76764.43389775038,
            "skewness": 0.602176534976523,
            "kurtosis": -0.13159299671513702
        }
    },
    "causes": []
}