{
    "what": "cycle time changed!",
    "how": {
        "reference": {
            "nobs": 1371,
            "minmax": [
                428.04519,
                1784.946444
            ],
            "mean": 877.9674935594456,
            "variance": 60164.81147253007,
            "skewness": 0.4873766360010023,
            "kurtosis": -0.46751918349378396
        },
        "running": {
            "nobs": 1354,
            "minmax": [
                375.641603,
                1776.17192
            ],
            "mean": 893.8636219844905,
            "variance": 75057.65044417248,
            "skewness": 0.5133077923998867,
            "kurtosis": -0.5845945122457397
        }
    },
    "causes": [
        {
            "what": "waiting time changed!",
            "how": {
                "reference": {
                    "nobs": 1371,
                    "minmax": [
                        0.0,
                        1114.553115
                    ],
                    "mean": 277.78074768052517,
                    "variance": 55996.314457924265,
                    "skewness": 0.5077278605009614,
                    "kurtosis": -0.5339930014567735
                },
                "running": {
                    "nobs": 1354,
                    "minmax": [
                        0.0,
                        1187.152127
                    ],
                    "mean": 293.9228377968981,
                    "variance": 70109.38317531759,
                    "skewness": 0.6086008034563573,
                    "kurtosis": -0.5016616742036581
                }
            },
            "causes": [
                {
                    "what": "waiting time due to batching changed!",
                    "how": {
                        "reference": {
                            "nobs": 1371,
                            "minmax": [
                                0.0,
                                667.971117
                            ],
                            "mean": 9.709834451495258,
                            "variance": 5046.003276126642,
                            "skewness": 7.491332305467447,
                            "kurtosis": 55.88570467237001
                        },
                        "running": {
                            "nobs": 1354,
                            "minmax": [
                                0.0,
                                783.911018
                            ],
                            "mean": 17.418270326440176,
                            "variance": 9937.102139601328,
                            "skewness": 5.752053911036531,
                            "kurtosis": 32.179179935965536
                        }
                    },
                    "causes": []
                },
                {
                    "what": "waiting time due to extraneous delays changed!",
                    "how": {
                        "reference": {
                            "nobs": 1371,
                            "minmax": [
                                0.0,
                                0.0
                            ],
                            "mean": 0.0,
                            "variance": 0.0,
                            "skewness": NaN,
                            "kurtosis": NaN
                        },
                        "running": {
                            "nobs": 1354,
                            "minmax": [
                                0.0,
                                464.214331
                            ],
                            "mean": 0.3428466255539143,
                            "variance": 159.1543169171178,
                            "skewness": 36.75596195310768,
                            "kurtosis": 1349.0007390983005
                        }
                    },
                    "causes": []
                }
            ]
        }
    ]
}