{
    "what": "cycle time changed!",
    "how": {
        "reference": {
            "nobs": 1399,
            "minmax": [
                466.556006,
                2270.9294
            ],
            "mean": 974.3633121672623,
            "variance": 134481.82662734867,
            "skewness": 1.0549668979766729,
            "kurtosis": 0.8824169990099158
        },
        "running": {
            "nobs": 1382,
            "minmax": [
                441.399705,
                1967.052402
            ],
            "mean": 918.4745717727931,
            "variance": 74599.35218118045,
            "skewness": 0.46374665464030096,
            "kurtosis": -0.38298384920668926
        }
    },
    "causes": [
        {
            "what": "waiting time changed!",
            "how": {
                "reference": {
                    "nobs": 1399,
                    "minmax": [
                        0.0,
                        1658.213386
                    ],
                    "mean": 373.2968057741244,
                    "variance": 130786.58303967425,
                    "skewness": 1.086690529683433,
                    "kurtosis": 0.9209938622858673
                },
                "running": {
                    "nobs": 1382,
                    "minmax": [
                        0.0,
                        1224.979102
                    ],
                    "mean": 318.1337265535456,
                    "variance": 71469.91621461825,
                    "skewness": 0.48332022256539614,
                    "kurtosis": -0.5049231074880485
                }
            },
            "causes": [
                {
                    "what": "waiting time due to batching changed!",
                    "how": {
                        "reference": {
                            "nobs": 1399,
                            "minmax": [
                                0.0,
                                1320.38801
                            ],
                            "mean": 34.14996516297355,
                            "variance": 23299.52847006419,
                            "skewness": 4.868775813176897,
                            "kurtosis": 25.305275754433946
                        },
                        "running": {
                            "nobs": 1382,
                            "minmax": [
                                0.0,
                                938.355417
                            ],
                            "mean": 17.062067989146165,
                            "variance": 9496.048661000734,
                            "skewness": 6.121391072996309,
                            "kurtosis": 38.908932796422015
                        }
                    },
                    "causes": []
                },
                {
                    "what": "waiting time due to resource contention changed!",
                    "how": {
                        "reference": {
                            "nobs": 1399,
                            "minmax": [
                                0.0,
                                1658.213386
                            ],
                            "mean": 339.1468406111508,
                            "variance": 112764.68339075561,
                            "skewness": 1.1270246396310228,
                            "kurtosis": 1.1860082942828747
                        },
                        "running": {
                            "nobs": 1382,
                            "minmax": [
                                0.0,
                                1224.979102
                            ],
                            "mean": 301.0716585643994,
                            "variance": 69525.55471427189,
                            "skewness": 0.5632177904645914,
                            "kurtosis": -0.39086001683712457
                        }
                    },
                    "causes": []
                }
            ]
        }
    ]
}