{
    "what": "cycle time changed!",
    "how": {
        "reference": {
            "nobs": 1365,
            "minmax": [
                403.438409,
                1732.849152
            ],
            "mean": 862.9545950710624,
            "variance": 64443.771008100615,
            "skewness": 0.5765817390515672,
            "kurtosis": -0.5413327634061433
        },
        "running": {
            "nobs": 1368,
            "minmax": [
                460.438995,
                1792.136234
            ],
            "mean": 971.9978389839182,
            "variance": 85181.84264161345,
            "skewness": 0.3002115670142575,
            "kurtosis": -0.7061385976669787
        }
    },
    "causes": [
        {
            "what": "waiting time changed!",
            "how": {
                "reference": {
                    "nobs": 1365,
                    "minmax": [
                        0.0,
                        1117.427411
                    ],
                    "mean": 261.3257719794872,
                    "variance": 60421.49681713053,
                    "skewness": 0.6677324437126044,
                    "kurtosis": -0.5776931716239568
                },
                "running": {
                    "nobs": 1368,
                    "minmax": [
                        0.0,
                        1187.34008
                    ],
                    "mean": 370.97015694371345,
                    "variance": 81969.23840296235,
                    "skewness": 0.3685205277527552,
                    "kurtosis": -0.6730863321898259
                }
            },
            "causes": [
                {
                    "what": "waiting time due to batching changed!",
                    "how": {
                        "reference": {
                            "nobs": 1365,
                            "minmax": [
                                0.0,
                                915.67655
                            ],
                            "mean": 15.611236631501828,
                            "variance": 9722.877851075442,
                            "skewness": 6.454644724824071,
                            "kurtosis": 41.62963748621536
                        },
                        "running": {
                            "nobs": 1368,
                            "minmax": [
                                0.0,
                                883.539242
                            ],
                            "mean": 27.763117321637424,
                            "variance": 15995.417110881897,
                            "skewness": 4.521978625885172,
                            "kurtosis": 19.295111571637122
                        }
                    },
                    "causes": []
                },
                {
                    "what": "waiting time due to resource contention changed!",
                    "how": {
                        "reference": {
                            "nobs": 1365,
                            "minmax": [
                                0.0,
                                1117.427411
                            ],
                            "mean": 245.71453534798533,
                            "variance": 56723.416005562925,
                            "skewness": 0.7296573218783501,
                            "kurtosis": -0.476751791963963
                        },
                        "running": {
                            "nobs": 1368,
                            "minmax": [
                                0.0,
                                1187.34008
                            ],
                            "mean": 343.207039622076,
                            "variance": 77754.85582169381,
                            "skewness": 0.46665286241141873,
                            "kurtosis": -0.5552693890337586
                        }
                    },
                    "causes": []
                }
            ]
        }
    ]
}