{
    "what": "cycle time changed!",
    "how": {
        "reference": {
            "nobs": 1363,
            "minmax": [
                459.725446,
                1861.727718
            ],
            "mean": 909.3083376272928,
            "variance": 73346.21317245363,
            "skewness": 0.5672613110199328,
            "kurtosis": -0.3537209744620031
        },
        "running": {
            "nobs": 1380,
            "minmax": [
                439.577946,
                1889.89305
            ],
            "mean": 954.8225472630435,
            "variance": 84153.51053382477,
            "skewness": 0.6155171189030648,
            "kurtosis": -0.01857948577438151
        }
    },
    "causes": [
        {
            "what": "waiting time changed!",
            "how": {
                "reference": {
                    "nobs": 1363,
                    "minmax": [
                        0.0,
                        1186.26414
                    ],
                    "mean": 306.65648179016875,
                    "variance": 69239.34487204216,
                    "skewness": 0.5575791246690189,
                    "kurtosis": -0.4472476131008949
                },
                "running": {
                    "nobs": 1380,
                    "minmax": [
                        0.0,
                        1253.195706
                    ],
                    "mean": 353.9584492275362,
                    "variance": 80507.81420055921,
                    "skewness": 0.6479316275864715,
                    "kurtosis": -0.03801370098597179
                }
            },
            "causes": [
                {
                    "what": "waiting time due to batching changed!",
                    "how": {
                        "reference": {
                            "nobs": 1363,
                            "minmax": [
                                0.0,
                                944.352793
                            ],
                            "mean": 13.578518434336022,
                            "variance": 7644.337422643315,
                            "skewness": 6.6727596153916915,
                            "kurtosis": 45.02258175568605
                        },
                        "running": {
                            "nobs": 1380,
                            "minmax": [
                                0.0,
                                1043.807103
                            ],
                            "mean": 25.452464020289856,
                            "variance": 14991.067675204906,
                            "skewness": 4.862832554189762,
                            "kurtosis": 23.198933710372533
                        }
                    },
                    "causes": []
                },
                {
                    "what": "waiting time due to resource contention changed!",
                    "how": {
                        "reference": {
                            "nobs": 1363,
                            "minmax": [
                                0.0,
                                1186.26414
                            ],
                            "mean": 293.07796335583276,
                            "variance": 66852.45876262806,
                            "skewness": 0.6209581499784084,
                            "kurtosis": -0.3309191318823763
                        },
                        "running": {
                            "nobs": 1380,
                            "minmax": [
                                0.0,
                                1253.195706
                            ],
                            "mean": 328.5059852072464,
                            "variance": 75763.61532503086,
                            "skewness": 0.7418825202673879,
                            "kurtosis": 0.1791139899689509
                        }
                    },
                    "causes": []
                }
            ]
        }
    ]
}