{
    "what": "cycle time changed!",
    "how": {
        "reference": {
            "nobs": 1395,
            "minmax": [
                415.246214,
                788.311134
            ],
            "mean": 600.8827145956989,
            "variance": 3647.7077530803735,
            "skewness": -0.018066640898863454,
            "kurtosis": -0.15847937415791646
        },
        "running": {
            "nobs": 1380,
            "minmax": [
                387.375202,
                67608.323655
            ],
            "mean": 1381.1673401528985,
            "variance": 37887784.01990786,
            "skewness": 10.44760579572295,
            "kurtosis": 108.10349045914856
        }
    },
    "causes": [
        {
            "what": "waiting time changed!",
            "how": {
                "reference": {
                    "nobs": 1395,
                    "minmax": [
                        0.0,
                        0.0
                    ],
                    "mean": 0.0,
                    "variance": 0.0,
                    "skewness": NaN,
                    "kurtosis": NaN
                },
                "running": {
                    "nobs": 1380,
                    "minmax": [
                        0.0,
                        67055.82284
                    ],
                    "mean": 779.5326060333333,
                    "variance": 37890902.38339357,
                    "skewness": 10.449655151773092,
                    "kurtosis": 108.12987842629815
                }
            },
            "causes": [
                {
                    "what": "waiting time due to batching changed!",
                    "how": {
                        "reference": {
                            "nobs": 1395,
                            "minmax": [
                                0.0,
                                0.0
                            ],
                            "mean": 0.0,
                            "variance": 0.0,
                            "skewness": NaN,
                            "kurtosis": NaN
                        },
                        "running": {
                            "nobs": 1380,
                            "minmax": [
                                0.0,
                                67055.82284
                            ],
                            "mean": 779.5326060333333,
                            "variance": 37890902.38339357,
                            "skewness": 10.449655151773092,
                            "kurtosis": 108.12987842629815
                        }
                    },
                    "causes": [
                        {
                            "what": "batch creation policies changed!",
                            "how": {
                                "reference": {
                                    "activity == B": {
                                        "true_positives": 0,
                                        "true_negatives": 1140,
                                        "false_positives": 255,
                                        "false_negatives": 0,
                                        "f1_score": 0,
                                        "classification_accuracy": 0.8172043010752689
                                    }
                                },
                                "running": {
                                    "activity == B": {
                                        "true_positives": 254,
                                        "true_negatives": 1126,
                                        "false_positives": 0,
                                        "false_negatives": 0,
                                        "f1_score": 1.0,
                                        "classification_accuracy": 1.0
                                    }
                                }
                            },
                            "causes": []
                        },
                        {
                            "what": "batch firing policies for 'activity == B' changed!",
                            "how": {
                                "reference": {
                                    "size > 4": {
                                        "true_positives": 0,
                                        "true_negatives": 0,
                                        "false_positives": 0,
                                        "false_negatives": 0,
                                        "f1_score": 0,
                                        "classification_accuracy": 0
                                    },
                                    "(time_since_last <= 32886.73663) && (time_since_first > 2088.16986)": {
                                        "true_positives": 0,
                                        "true_negatives": 0,
                                        "false_positives": 0,
                                        "false_negatives": 0,
                                        "f1_score": 0,
                                        "classification_accuracy": 0
                                    }
                                },
                                "running": {
                                    "size > 4": {
                                        "true_positives": 100,
                                        "true_negatives": 203,
                                        "false_positives": 0,
                                        "false_negatives": 2,
                                        "f1_score": 0.9900990099009901,
                                        "classification_accuracy": 0.9934426229508196
                                    },
                                    "(time_since_last <= 32886.73663) && (time_since_first > 2088.16986)": {
                                        "true_positives": 99,
                                        "true_negatives": 201,
                                        "false_positives": 2,
                                        "false_negatives": 3,
                                        "f1_score": 0.975369458128079,
                                        "classification_accuracy": 0.9836065573770492
                                    }
                                }
                            },
                            "causes": []
                        }
                    ]
                }
            ]
        }
    ]
}