{
    "what": "cycle time changed!",
    "how": {
        "reference": {
            "nobs": 2758,
            "minmax": [
                403.340444,
                801.879766
            ],
            "mean": 600.1170185591009,
            "variance": 3523.23789411228,
            "skewness": -0.004244212084434117,
            "kurtosis": -0.10016743684193408
        },
        "running": {
            "nobs": 2743,
            "minmax": [
                404.245786,
                67643.714621
            ],
            "mean": 1362.2026579303683,
            "variance": 36554546.14634566,
            "skewness": 10.636185519776786,
            "kurtosis": 112.16898257971253
        }
    },
    "causes": [
        {
            "what": "waiting time changed!",
            "how": {
                "reference": {
                    "nobs": 2758,
                    "minmax": [
                        0.0,
                        0.0
                    ],
                    "mean": 0.0,
                    "variance": 0.0,
                    "skewness": NaN,
                    "kurtosis": NaN
                },
                "running": {
                    "nobs": 2743,
                    "minmax": [
                        0.0,
                        67166.95621
                    ],
                    "mean": 763.2722878286547,
                    "variance": 36575173.43513047,
                    "skewness": 10.638487369229942,
                    "kurtosis": 112.20177738924274
                }
            },
            "causes": [
                {
                    "what": "waiting time due to batching changed!",
                    "how": {
                        "reference": {
                            "nobs": 2758,
                            "minmax": [
                                0.0,
                                0.0
                            ],
                            "mean": 0.0,
                            "variance": 0.0,
                            "skewness": NaN,
                            "kurtosis": NaN
                        },
                        "running": {
                            "nobs": 2743,
                            "minmax": [
                                0.0,
                                67166.95621
                            ],
                            "mean": 763.2722878286547,
                            "variance": 36575173.43513047,
                            "skewness": 10.638487369229942,
                            "kurtosis": 112.20177738924274
                        }
                    },
                    "causes": [
                        {
                            "what": "batch creation policies changed!",
                            "how": {
                                "reference": {
                                    "activity == B": {
                                        "true_positives": 0,
                                        "true_negatives": 2250,
                                        "false_positives": 508,
                                        "false_negatives": 0,
                                        "f1_score": 0,
                                        "classification_accuracy": 0.8158085569253082
                                    }
                                },
                                "running": {
                                    "activity == B": {
                                        "true_positives": 512,
                                        "true_negatives": 2231,
                                        "false_positives": 0,
                                        "false_negatives": 0,
                                        "f1_score": 1.0,
                                        "classification_accuracy": 1.0
                                    }
                                }
                            },
                            "causes": []
                        },
                        {
                            "what": "batch firing policies for 'activity == B' changed!",
                            "how": {
                                "reference": {
                                    "time_since_first > 66320.10156": {
                                        "true_positives": 0,
                                        "true_negatives": 0,
                                        "false_positives": 0,
                                        "false_negatives": 0,
                                        "f1_score": 0,
                                        "classification_accuracy": 0
                                    },
                                    "size > 4": {
                                        "true_positives": 0,
                                        "true_negatives": 0,
                                        "false_positives": 0,
                                        "false_negatives": 0,
                                        "f1_score": 0,
                                        "classification_accuracy": 0
                                    },
                                    "(time_since_first > 2080.92603) && (time_since_first <= 33785.50806)": {
                                        "true_positives": 0,
                                        "true_negatives": 0,
                                        "false_positives": 0,
                                        "false_negatives": 0,
                                        "f1_score": 0,
                                        "classification_accuracy": 0
                                    }
                                },
                                "running": {
                                    "time_since_first > 66320.10156": {
                                        "true_positives": 20,
                                        "true_negatives": 406,
                                        "false_positives": 2,
                                        "false_negatives": 186,
                                        "f1_score": 0.17543859649122806,
                                        "classification_accuracy": 0.6938110749185668
                                    },
                                    "size > 4": {
                                        "true_positives": 204,
                                        "true_negatives": 408,
                                        "false_positives": 0,
                                        "false_negatives": 2,
                                        "f1_score": 0.9951219512195122,
                                        "classification_accuracy": 0.996742671009772
                                    },
                                    "(time_since_first > 2080.92603) && (time_since_first <= 33785.50806)": {
                                        "true_positives": 184,
                                        "true_negatives": 408,
                                        "false_positives": 0,
                                        "false_negatives": 22,
                                        "f1_score": 0.9435897435897437,
                                        "classification_accuracy": 0.9641693811074918
                                    }
                                }
                            },
                            "causes": []
                        }
                    ]
                }
            ]
        }
    ]
}