{
    "what": "cycle time changed!",
    "how": {
        "reference": {
            "nobs": 2758,
            "minmax": [
                403.340444,
                801.879766
            ],
            "mean": 600.1170185591009,
            "variance": 3523.23789411228,
            "skewness": -0.004244212084434117,
            "kurtosis": -0.10016743684193408
        },
        "running": {
            "nobs": 2765,
            "minmax": [
                387.375202,
                67888.94643
            ],
            "mean": 1545.8921784669076,
            "variance": 48669715.99606932,
            "skewness": 9.19257128848307,
            "kurtosis": 83.07738850861088
        }
    },
    "causes": [
        {
            "what": "waiting time changed!",
            "how": {
                "reference": {
                    "nobs": 2758,
                    "minmax": [
                        0.0,
                        0.0
                    ],
                    "mean": 0.0,
                    "variance": 0.0,
                    "skewness": NaN,
                    "kurtosis": NaN
                },
                "running": {
                    "nobs": 2765,
                    "minmax": [
                        0.0,
                        67270.448021
                    ],
                    "mean": 944.5962806061483,
                    "variance": 48677917.39899588,
                    "skewness": 9.193470982336155,
                    "kurtosis": 83.0872750460994
                }
            },
            "causes": [
                {
                    "what": "waiting time due to batching changed!",
                    "how": {
                        "reference": {
                            "nobs": 2758,
                            "minmax": [
                                0.0,
                                0.0
                            ],
                            "mean": 0.0,
                            "variance": 0.0,
                            "skewness": NaN,
                            "kurtosis": NaN
                        },
                        "running": {
                            "nobs": 2765,
                            "minmax": [
                                0.0,
                                67270.448021
                            ],
                            "mean": 944.5962806061483,
                            "variance": 48677917.39899588,
                            "skewness": 9.193470982336155,
                            "kurtosis": 83.0872750460994
                        }
                    },
                    "causes": [
                        {
                            "what": "batch creation policies changed!",
                            "how": {
                                "reference": {
                                    "activity == B": {
                                        "true_positives": 0,
                                        "true_negatives": 2250,
                                        "false_positives": 508,
                                        "false_negatives": 0,
                                        "f1_score": 0,
                                        "classification_accuracy": 0.8158085569253082
                                    }
                                },
                                "running": {
                                    "activity == B": {
                                        "true_positives": 510,
                                        "true_negatives": 2255,
                                        "false_positives": 0,
                                        "false_negatives": 0,
                                        "f1_score": 1.0,
                                        "classification_accuracy": 1.0
                                    }
                                }
                            },
                            "causes": []
                        },
                        {
                            "what": "batch firing policies for 'activity == B' changed!",
                            "how": {
                                "reference": {
                                    "(time_since_first > 2115.18286) && (time_since_first <= 34354.00366) && (time_since_last <= 32920.03143)": {
                                        "true_positives": 0,
                                        "true_negatives": 0,
                                        "false_positives": 0,
                                        "false_negatives": 0,
                                        "f1_score": 0,
                                        "classification_accuracy": 0
                                    },
                                    "(time_since_first > 34354.00366) && (time_since_last <= 32819.53925)": {
                                        "true_positives": 0,
                                        "true_negatives": 0,
                                        "false_positives": 0,
                                        "false_negatives": 0,
                                        "f1_score": 0,
                                        "classification_accuracy": 0
                                    },
                                    "size > 4": {
                                        "true_positives": 0,
                                        "true_negatives": 0,
                                        "false_positives": 0,
                                        "false_negatives": 0,
                                        "f1_score": 0,
                                        "classification_accuracy": 0
                                    }
                                },
                                "running": {
                                    "(time_since_first > 2115.18286) && (time_since_first <= 34354.00366) && (time_since_last <= 32920.03143)": {
                                        "true_positives": 182,
                                        "true_negatives": 407,
                                        "false_positives": 0,
                                        "false_negatives": 22,
                                        "f1_score": 0.9430051813471503,
                                        "classification_accuracy": 0.9639934533551555
                                    },
                                    "(time_since_first > 34354.00366) && (time_since_last <= 32819.53925)": {
                                        "true_positives": 19,
                                        "true_negatives": 402,
                                        "false_positives": 5,
                                        "false_negatives": 185,
                                        "f1_score": 0.16666666666666666,
                                        "classification_accuracy": 0.6890343698854338
                                    },
                                    "size > 4": {
                                        "true_positives": 204,
                                        "true_negatives": 407,
                                        "false_positives": 0,
                                        "false_negatives": 0,
                                        "f1_score": 1.0,
                                        "classification_accuracy": 1.0
                                    }
                                }
                            },
                            "causes": []
                        }
                    ]
                }
            ]
        }
    ]
}