{
    "what": "cycle time changed!",
    "how": {
        "reference": {
            "nobs": 1395,
            "minmax": [
                415.246214,
                788.311134
            ],
            "mean": 600.8827145956989,
            "variance": 3647.7077530803735,
            "skewness": -0.018066640898863454,
            "kurtosis": -0.15847937415791646
        },
        "running": {
            "nobs": 1358,
            "minmax": [
                349.067029,
                67933.00145
            ],
            "mean": 1629.0921220736377,
            "variance": 54445972.29404136,
            "skewness": 8.693376321608586,
            "kurtosis": 74.02279289852342
        }
    },
    "causes": [
        {
            "what": "waiting time changed!",
            "how": {
                "reference": {
                    "nobs": 1395,
                    "minmax": [
                        0.0,
                        0.0
                    ],
                    "mean": 0.0,
                    "variance": 0.0,
                    "skewness": NaN,
                    "kurtosis": NaN
                },
                "running": {
                    "nobs": 1358,
                    "minmax": [
                        0.0,
                        67293.050205
                    ],
                    "mean": 1030.3261003681885,
                    "variance": 54426764.193549976,
                    "skewness": 8.694052185588408,
                    "kurtosis": 74.03065527078815
                }
            },
            "causes": [
                {
                    "what": "waiting time due to batching changed!",
                    "how": {
                        "reference": {
                            "nobs": 1395,
                            "minmax": [
                                0.0,
                                0.0
                            ],
                            "mean": 0.0,
                            "variance": 0.0,
                            "skewness": NaN,
                            "kurtosis": NaN
                        },
                        "running": {
                            "nobs": 1358,
                            "minmax": [
                                0.0,
                                67293.050205
                            ],
                            "mean": 1030.3261003681885,
                            "variance": 54426764.193549976,
                            "skewness": 8.694052185588408,
                            "kurtosis": 74.03065527078815
                        }
                    },
                    "causes": [
                        {
                            "what": "batch creation policies changed!",
                            "how": {
                                "reference": {
                                    "activity == B": {
                                        "true_positives": 0,
                                        "true_negatives": 1140,
                                        "false_positives": 255,
                                        "false_negatives": 0,
                                        "f1_score": 0,
                                        "classification_accuracy": 0.8172043010752689
                                    }
                                },
                                "running": {
                                    "activity == B": {
                                        "true_positives": 255,
                                        "true_negatives": 1103,
                                        "false_positives": 0,
                                        "false_negatives": 0,
                                        "f1_score": 1.0,
                                        "classification_accuracy": 1.0
                                    }
                                }
                            },
                            "causes": []
                        },
                        {
                            "what": "batch firing policies for 'activity == B' changed!",
                            "how": {
                                "reference": {
                                    "time_since_first > 66728.94531": {
                                        "true_positives": 0,
                                        "true_negatives": 0,
                                        "false_positives": 0,
                                        "false_negatives": 0,
                                        "f1_score": 0,
                                        "classification_accuracy": 0
                                    },
                                    "(time_since_first <= 34047.25598) && (time_since_first > 2062.74023)": {
                                        "true_positives": 0,
                                        "true_negatives": 0,
                                        "false_positives": 0,
                                        "false_negatives": 0,
                                        "f1_score": 0,
                                        "classification_accuracy": 0
                                    },
                                    "size > 4": {
                                        "true_positives": 0,
                                        "true_negatives": 0,
                                        "false_positives": 0,
                                        "false_negatives": 0,
                                        "f1_score": 0,
                                        "classification_accuracy": 0
                                    }
                                },
                                "running": {
                                    "time_since_first > 66728.94531": {
                                        "true_positives": 10,
                                        "true_negatives": 204,
                                        "false_positives": 0,
                                        "false_negatives": 92,
                                        "f1_score": 0.17857142857142858,
                                        "classification_accuracy": 0.6993464052287581
                                    },
                                    "(time_since_first <= 34047.25598) && (time_since_first > 2062.74023)": {
                                        "true_positives": 90,
                                        "true_negatives": 204,
                                        "false_positives": 0,
                                        "false_negatives": 12,
                                        "f1_score": 0.9375,
                                        "classification_accuracy": 0.9607843137254902
                                    },
                                    "size > 4": {
                                        "true_positives": 102,
                                        "true_negatives": 204,
                                        "false_positives": 0,
                                        "false_negatives": 0,
                                        "f1_score": 1.0,
                                        "classification_accuracy": 1.0
                                    }
                                }
                            },
                            "causes": []
                        }
                    ]
                }
            ]
        }
    ]
}