{
    "what": "cycle time changed!",
    "how": {
        "reference": {
            "nobs": 1364,
            "minmax": [
                404.119584,
                1825.79497
            ],
            "mean": 903.083706472874,
            "variance": 92383.64793617437,
            "skewness": 0.7108518700914822,
            "kurtosis": -0.46680174618657766
        },
        "running": {
            "nobs": 1374,
            "minmax": [
                438.85569,
                1745.127503
            ],
            "mean": 940.6071404090247,
            "variance": 84265.61949423104,
            "skewness": 0.35077538121540924,
            "kurtosis": -0.8450322903237404
        }
    },
    "causes": [
        {
            "what": "waiting time changed!",
            "how": {
                "reference": {
                    "nobs": 1364,
                    "minmax": [
                        0.0,
                        1199.332164
                    ],
                    "mean": 304.7848517368035,
                    "variance": 90066.91773753791,
                    "skewness": 0.7641962467763759,
                    "kurtosis": -0.4371774201431622
                },
                "running": {
                    "nobs": 1374,
                    "minmax": [
                        0.0,
                        1115.381975
                    ],
                    "mean": 343.5154695633188,
                    "variance": 80364.27472053621,
                    "skewness": 0.37984912410130867,
                    "kurtosis": -0.9145674115482949
                }
            },
            "causes": [
                {
                    "what": "waiting time due to resource contention changed!",
                    "how": {
                        "reference": {
                            "nobs": 1364,
                            "minmax": [
                                0.0,
                                1199.332164
                            ],
                            "mean": 281.5301967653959,
                            "variance": 83331.40399326055,
                            "skewness": 0.8922193666023905,
                            "kurtosis": -0.1236177099164677
                        },
                        "running": {
                            "nobs": 1374,
                            "minmax": [
                                0.0,
                                1045.425022
                            ],
                            "mean": 322.80232747307133,
                            "variance": 76474.83320205475,
                            "skewness": 0.4679559886286993,
                            "kurtosis": -0.8158723092043645
                        }
                    },
                    "causes": []
                },
                {
                    "what": "waiting time due to extraneous delays changed!",
                    "how": {
                        "reference": {
                            "nobs": 1364,
                            "minmax": [
                                0.0,
                                0.0
                            ],
                            "mean": 0.0,
                            "variance": 0.0,
                            "skewness": NaN,
                            "kurtosis": NaN
                        },
                        "running": {
                            "nobs": 1374,
                            "minmax": [
                                0.0,
                                545.371041
                            ],
                            "mean": 0.39692215502183403,
                            "variance": 216.46984888022098,
                            "skewness": 37.027026998290324,
                            "kurtosis": 1369.0007283321208
                        }
                    },
                    "causes": []
                }
            ]
        }
    ]
}