{
    "what": "cycle time changed!",
    "how": {
        "reference": {
            "nobs": 1372,
            "minmax": [
                400.494541,
                1989.363449
            ],
            "mean": 969.4713464876094,
            "variance": 88500.8944513343,
            "skewness": 0.6694974139463518,
            "kurtosis": 0.17544924651762495
        },
        "running": {
            "nobs": 1378,
            "minmax": [
                462.798544,
                2222.717889
            ],
            "mean": 890.7027047772134,
            "variance": 81701.67558914151,
            "skewness": 1.059856180830625,
            "kurtosis": 1.3984317148620926
        }
    },
    "causes": [
        {
            "what": "waiting time changed!",
            "how": {
                "reference": {
                    "nobs": 1372,
                    "minmax": [
                        0.0,
                        1386.635865
                    ],
                    "mean": 370.67362368440234,
                    "variance": 85655.02205185479,
                    "skewness": 0.7130328638783711,
                    "kurtosis": 0.23669965997440245
                },
                "running": {
                    "nobs": 1378,
                    "minmax": [
                        0.0,
                        1498.067169
                    ],
                    "mean": 289.2897145370102,
                    "variance": 78960.857564852,
                    "skewness": 1.0974090670864782,
                    "kurtosis": 1.443958565300349
                }
            },
            "causes": [
                {
                    "what": "waiting time due to batching changed!",
                    "how": {
                        "reference": {
                            "nobs": 1372,
                            "minmax": [
                                0.0,
                                1120.006978
                            ],
                            "mean": 29.43051594606414,
                            "variance": 18280.012919586537,
                            "skewness": 4.737090012176796,
                            "kurtosis": 22.35290337425954
                        },
                        "running": {
                            "nobs": 1378,
                            "minmax": [
                                0.0,
                                713.673889
                            ],
                            "mean": 13.239884248911464,
                            "variance": 7012.515697854817,
                            "skewness": 6.368304964084949,
                            "kurtosis": 39.63615238817803
                        }
                    },
                    "causes": []
                },
                {
                    "what": "waiting time due to resource contention changed!",
                    "how": {
                        "reference": {
                            "nobs": 1372,
                            "minmax": [
                                0.0,
                                1362.296617
                            ],
                            "mean": 341.2431077383382,
                            "variance": 77947.47771363203,
                            "skewness": 0.710953023833931,
                            "kurtosis": 0.23338209042748126
                        },
                        "running": {
                            "nobs": 1378,
                            "minmax": [
                                0.0,
                                1498.067169
                            ],
                            "mean": 276.04983028809875,
                            "variance": 75404.46364791029,
                            "skewness": 1.1520312753672093,
                            "kurtosis": 1.6583626915923295
                        }
                    },
                    "causes": []
                }
            ]
        }
    ]
}