{
    "what": "cycle time changed!",
    "how": {
        "reference": {
            "nobs": 1395,
            "minmax": [
                415.246214,
                788.311134
            ],
            "mean": 600.8827145956989,
            "variance": 3647.7077530803735,
            "skewness": -0.018066640898863454,
            "kurtosis": -0.15847937415791646
        },
        "running": {
            "nobs": 1348,
            "minmax": [
                450.406413,
                1761.496444
            ],
            "mean": 873.9260170014837,
            "variance": 64760.613012030284,
            "skewness": 0.663724879355688,
            "kurtosis": 0.06794619604011087
        }
    },
    "causes": [
        {
            "what": "waiting time changed!",
            "how": {
                "reference": {
                    "nobs": 1395,
                    "minmax": [
                        0.0,
                        0.0
                    ],
                    "mean": 0.0,
                    "variance": 0.0,
                    "skewness": NaN,
                    "kurtosis": NaN
                },
                "running": {
                    "nobs": 1348,
                    "minmax": [
                        0.0,
                        1183.751886
                    ],
                    "mean": 275.0323802833828,
                    "variance": 62201.40908743739,
                    "skewness": 0.7441194285339403,
                    "kurtosis": 0.10746304172253529
                }
            },
            "causes": [
                {
                    "what": "waiting time due to batching changed!",
                    "how": {
                        "reference": {
                            "nobs": 1395,
                            "minmax": [
                                0.0,
                                0.0
                            ],
                            "mean": 0.0,
                            "variance": 0.0,
                            "skewness": NaN,
                            "kurtosis": NaN
                        },
                        "running": {
                            "nobs": 1348,
                            "minmax": [
                                0.0,
                                1061.408632
                            ],
                            "mean": 11.51870019065282,
                            "variance": 6572.088773656152,
                            "skewness": 7.553005321223248,
                            "kurtosis": 60.78280541957378
                        }
                    },
                    "causes": []
                },
                {
                    "what": "waiting time due to resource contention changed!",
                    "how": {
                        "reference": {
                            "nobs": 1395,
                            "minmax": [
                                0.0,
                                0.0
                            ],
                            "mean": 0.0,
                            "variance": 0.0,
                            "skewness": NaN,
                            "kurtosis": NaN
                        },
                        "running": {
                            "nobs": 1348,
                            "minmax": [
                                0.0,
                                1183.751886
                            ],
                            "mean": 263.51368009273,
                            "variance": 59827.87992962792,
                            "skewness": 0.8015747700549865,
                            "kurtosis": 0.24911412745467798
                        }
                    },
                    "causes": []
                }
            ]
        }
    ]
}