{
    "what": "cycle time changed!",
    "how": {
        "reference": {
            "nobs": 1368,
            "minmax": [
                460.438995,
                1792.136234
            ],
            "mean": 971.9978389839182,
            "variance": 85181.84264161345,
            "skewness": 0.3002115670142575,
            "kurtosis": -0.7061385976669787
        },
        "running": {
            "nobs": 1369,
            "minmax": [
                413.326137,
                1816.633431
            ],
            "mean": 902.0806859291454,
            "variance": 85590.7561236686,
            "skewness": 0.6918986910556335,
            "kurtosis": -0.20254094160239466
        }
    },
    "causes": [
        {
            "what": "waiting time changed!",
            "how": {
                "reference": {
                    "nobs": 1368,
                    "minmax": [
                        0.0,
                        1187.34008
                    ],
                    "mean": 370.97015694371345,
                    "variance": 81969.23840296235,
                    "skewness": 0.3685205277527552,
                    "kurtosis": -0.6730863321898259
                },
                "running": {
                    "nobs": 1369,
                    "minmax": [
                        0.0,
                        1224.757879
                    ],
                    "mean": 303.85481266691016,
                    "variance": 82345.77136845558,
                    "skewness": 0.7130517824123287,
                    "kurtosis": -0.28744320511233035
                }
            },
            "causes": [
                {
                    "what": "waiting time due to batching changed!",
                    "how": {
                        "reference": {
                            "nobs": 1368,
                            "minmax": [
                                0.0,
                                883.539242
                            ],
                            "mean": 27.763117321637424,
                            "variance": 15995.417110881897,
                            "skewness": 4.521978625885172,
                            "kurtosis": 19.295111571637122
                        },
                        "running": {
                            "nobs": 1369,
                            "minmax": [
                                0.0,
                                1039.099255
                            ],
                            "mean": 19.34333895763331,
                            "variance": 12154.17448587099,
                            "skewness": 6.041519761305064,
                            "kurtosis": 37.683679859881536
                        }
                    },
                    "causes": []
                },
                {
                    "what": "waiting time due to resource contention changed!",
                    "how": {
                        "reference": {
                            "nobs": 1368,
                            "minmax": [
                                0.0,
                                1187.34008
                            ],
                            "mean": 343.207039622076,
                            "variance": 77754.85582169381,
                            "skewness": 0.46665286241141873,
                            "kurtosis": -0.5552693890337586
                        },
                        "running": {
                            "nobs": 1369,
                            "minmax": [
                                0.0,
                                1224.757879
                            ],
                            "mean": 284.5114737092768,
                            "variance": 76419.82386992555,
                            "skewness": 0.7737313682082659,
                            "kurtosis": -0.13225994961992749
                        }
                    },
                    "causes": []
                }
            ]
        }
    ]
}