{
    "what": "cycle time changed!",
    "how": {
        "reference": {
            "nobs": 1372,
            "minmax": [
                430.896038,
                1703.493434
            ],
            "mean": 942.1420386129739,
            "variance": 84253.10444105779,
            "skewness": 0.3395110352215588,
            "kurtosis": -0.9091671999503652
        },
        "running": {
            "nobs": 1348,
            "minmax": [
                431.059884,
                1766.461822
            ],
            "mean": 810.9614174384274,
            "variance": 50755.485944174594,
            "skewness": 0.9482830424470637,
            "kurtosis": 0.7661719802297635
        }
    },
    "causes": [
        {
            "what": "waiting time changed!",
            "how": {
                "reference": {
                    "nobs": 1372,
                    "minmax": [
                        0.0,
                        1107.24683
                    ],
                    "mean": 343.2972786865889,
                    "variance": 81269.55917939985,
                    "skewness": 0.3625326656254743,
                    "kurtosis": -0.9853308333915565
                },
                "running": {
                    "nobs": 1348,
                    "minmax": [
                        0.0,
                        1129.995803
                    ],
                    "mean": 211.83062465727,
                    "variance": 46880.93638123203,
                    "skewness": 1.033752398776557,
                    "kurtosis": 0.8334197191798394
                }
            },
            "causes": [
                {
                    "what": "waiting time due to batching changed!",
                    "how": {
                        "reference": {
                            "nobs": 1372,
                            "minmax": [
                                0.0,
                                957.088078
                            ],
                            "mean": 35.6075789132653,
                            "variance": 21450.481298927843,
                            "skewness": 4.044334694472553,
                            "kurtosis": 15.13314254771203
                        },
                        "running": {
                            "nobs": 1348,
                            "minmax": [
                                0.0,
                                685.53641
                            ],
                            "mean": 5.850130929525223,
                            "variance": 3170.289144996263,
                            "skewness": 10.021166076937124,
                            "kurtosis": 101.43526692252495
                        }
                    },
                    "causes": []
                },
                {
                    "what": "waiting time due to resource contention changed!",
                    "how": {
                        "reference": {
                            "nobs": 1372,
                            "minmax": [
                                0.0,
                                1084.590757
                            ],
                            "mean": 307.68969977332364,
                            "variance": 75029.84124676352,
                            "skewness": 0.5233016035394562,
                            "kurtosis": -0.8063035743845788
                        },
                        "running": {
                            "nobs": 1348,
                            "minmax": [
                                0.0,
                                1129.995803
                            ],
                            "mean": 205.98049372774483,
                            "variance": 44980.28396244649,
                            "skewness": 1.046573800705202,
                            "kurtosis": 0.9052619941101812
                        }
                    },
                    "causes": []
                }
            ]
        }
    ]
}