{
    "what": "cycle time changed!",
    "how": {
        "reference": {
            "nobs": 1388,
            "minmax": [
                405.043608,
                775.867805
            ],
            "mean": 600.2821651988472,
            "variance": 3534.615216841206,
            "skewness": 0.026377232638271977,
            "kurtosis": -0.11813634922938965
        },
        "running": {
            "nobs": 1374,
            "minmax": [
                349.067029,
                67933.00145
            ],
            "mean": 1477.122780743086,
            "variance": 44629871.41307194,
            "skewness": 9.651209364883634,
            "kurtosis": 91.81621023594907
        }
    },
    "causes": [
        {
            "what": "waiting time changed!",
            "how": {
                "reference": {
                    "nobs": 1388,
                    "minmax": [
                        0.0,
                        0.0
                    ],
                    "mean": 0.0,
                    "variance": 0.0,
                    "skewness": NaN,
                    "kurtosis": NaN
                },
                "running": {
                    "nobs": 1374,
                    "minmax": [
                        0.0,
                        67293.050205
                    ],
                    "mean": 877.7568793144105,
                    "variance": 44642554.70994099,
                    "skewness": 9.653142454631345,
                    "kurtosis": 91.84056729171789
                }
            },
            "causes": [
                {
                    "what": "waiting time due to batching changed!",
                    "how": {
                        "reference": {
                            "nobs": 1388,
                            "minmax": [
                                0.0,
                                0.0
                            ],
                            "mean": 0.0,
                            "variance": 0.0,
                            "skewness": NaN,
                            "kurtosis": NaN
                        },
                        "running": {
                            "nobs": 1374,
                            "minmax": [
                                0.0,
                                67293.050205
                            ],
                            "mean": 877.7568793144105,
                            "variance": 44642554.70994099,
                            "skewness": 9.653142454631345,
                            "kurtosis": 91.84056729171789
                        }
                    },
                    "causes": [
                        {
                            "what": "batch creation policies changed!",
                            "how": {
                                "reference": {
                                    "activity == B": {
                                        "true_positives": 0,
                                        "true_negatives": 1134,
                                        "false_positives": 254,
                                        "false_negatives": 0,
                                        "f1_score": 0,
                                        "classification_accuracy": 0.8170028818443804
                                    }
                                },
                                "running": {
                                    "activity == B": {
                                        "true_positives": 255,
                                        "true_negatives": 1119,
                                        "false_positives": 0,
                                        "false_negatives": 0,
                                        "f1_score": 1.0,
                                        "classification_accuracy": 1.0
                                    }
                                }
                            },
                            "causes": []
                        },
                        {
                            "what": "batch firing policies for 'activity == B' changed!",
                            "how": {
                                "reference": {
                                    "time_since_first > 66543.23828": {
                                        "true_positives": 0,
                                        "true_negatives": 0,
                                        "false_positives": 0,
                                        "false_negatives": 0,
                                        "f1_score": 0,
                                        "classification_accuracy": 0
                                    },
                                    "(time_since_first <= 34010.86853) && (time_since_first > 2042.99567)": {
                                        "true_positives": 0,
                                        "true_negatives": 0,
                                        "false_positives": 0,
                                        "false_negatives": 0,
                                        "f1_score": 0,
                                        "classification_accuracy": 0
                                    },
                                    "size > 4": {
                                        "true_positives": 0,
                                        "true_negatives": 0,
                                        "false_positives": 0,
                                        "false_negatives": 0,
                                        "f1_score": 0,
                                        "classification_accuracy": 0
                                    },
                                    "(time_since_last <= 202.64333) && (time_since_first > 33750.56189)": {
                                        "true_positives": 0,
                                        "true_negatives": 0,
                                        "false_positives": 0,
                                        "false_negatives": 0,
                                        "f1_score": 0,
                                        "classification_accuracy": 0
                                    }
                                },
                                "running": {
                                    "time_since_first > 66543.23828": {
                                        "true_positives": 12,
                                        "true_negatives": 203,
                                        "false_positives": 1,
                                        "false_negatives": 90,
                                        "f1_score": 0.20869565217391303,
                                        "classification_accuracy": 0.7026143790849673
                                    },
                                    "(time_since_first <= 34010.86853) && (time_since_first > 2042.99567)": {
                                        "true_positives": 88,
                                        "true_negatives": 204,
                                        "false_positives": 0,
                                        "false_negatives": 14,
                                        "f1_score": 0.9263157894736842,
                                        "classification_accuracy": 0.954248366013072
                                    },
                                    "size > 4": {
                                        "true_positives": 102,
                                        "true_negatives": 204,
                                        "false_positives": 0,
                                        "false_negatives": 0,
                                        "f1_score": 1.0,
                                        "classification_accuracy": 1.0
                                    },
                                    "(time_since_last <= 202.64333) && (time_since_first > 33750.56189)": {
                                        "true_positives": 6,