{
    "what": "cycle time changed!",
    "how": {
        "reference": {
            "nobs": 1374,
            "minmax": [
                447.376589,
                1832.730079
            ],
            "mean": 906.4622804599708,
            "variance": 70443.57994527475,
            "skewness": 0.7543759229310453,
            "kurtosis": 0.14939051992516994
        },
        "running": {
            "nobs": 1372,
            "minmax": [
                444.07022,
                1786.133165
            ],
            "mean": 952.8179142237609,
            "variance": 90120.77360905554,
            "skewness": 0.3550683087909267,
            "kurtosis": -0.9578558903958654
        }
    },
    "causes": [
        {
            "what": "waiting time changed!",
            "how": {
                "reference": {
                    "nobs": 1374,
                    "minmax": [
                        0.0,
                        1227.932994
                    ],
                    "mean": 305.1527843384279,
                    "variance": 67922.30714722478,
                    "skewness": 0.8242416199133082,
                    "kurtosis": 0.2287819352330196
                },
                "running": {
                    "nobs": 1372,
                    "minmax": [
                        0.0,
                        1118.373162
                    ],
                    "mean": 350.86251962172014,
                    "variance": 86539.66604030563,
                    "skewness": 0.38185661711828356,
                    "kurtosis": -0.9979143235983279
                }
            },
            "causes": [
                {
                    "what": "waiting time due to batching changed!",
                    "how": {
                        "reference": {
                            "nobs": 1374,
                            "minmax": [
                                0.0,
                                1020.690441
                            ],
                            "mean": 16.342857780203783,
                            "variance": 9453.05444842394,
                            "skewness": 6.249096551310272,
                            "kurtosis": 40.11370598560511
                        },
                        "running": {
                            "nobs": 1372,
                            "minmax": [
                                0.0,
                                897.75259
                            ],
                            "mean": 32.552181635568516,
                            "variance": 18566.054526924472,
                            "skewness": 4.120518793052586,
                            "kurtosis": 15.686824870305124
                        }
                    },
                    "causes": []
                },
                {
                    "what": "waiting time due to resource contention changed!",
                    "how": {
                        "reference": {
                            "nobs": 1374,
                            "minmax": [
                                0.0,
                                1227.932994
                            ],
                            "mean": 288.80992655822416,
                            "variance": 62722.95154148929,
                            "skewness": 0.8526004464580023,
                            "kurtosis": 0.3664453133875072
                        },
                        "running": {
                            "nobs": 1372,
                            "minmax": [
                                0.0,
                                1118.373162
                            ],
                            "mean": 318.31033798615164,
                            "variance": 80876.2737108473,
                            "skewness": 0.5444838430750734,
                            "kurtosis": -0.774935511783398
                        }
                    },
                    "causes": []
                }
            ]
        }
    ]
}