{
    "what": "cycle time changed!",
    "how": {
        "reference": {
            "nobs": 1357,
            "minmax": [
                450.406413,
                1761.496444
            ],
            "mean": 877.421583293294,
            "variance": 68626.22548383955,
            "skewness": 0.6469964892318157,
            "kurtosis": -0.1694454528014364
        },
        "running": {
            "nobs": 1356,
            "minmax": [
                473.02273,
                1989.363449
            ],
            "mean": 924.5043210877582,
            "variance": 93316.22007150053,
            "skewness": 0.8487859068556286,
            "kurtosis": 0.32622838074000393
        }
    },
    "causes": [
        {
            "what": "waiting time changed!",
            "how": {
                "reference": {
                    "nobs": 1357,
                    "minmax": [
                        0.0,
                        1183.751886
                    ],
                    "mean": 278.53073797568163,
                    "variance": 66416.31770000211,
                    "skewness": 0.7181202207299135,
                    "kurtosis": -0.1588629592474864
                },
                "running": {
                    "nobs": 1356,
                    "minmax": [
                        0.0,
                        1386.635865
                    ],
                    "mean": 325.6166348237463,
                    "variance": 90452.60799296368,
                    "skewness": 0.8911799663378378,
                    "kurtosis": 0.393607496792737
                }
            },
            "causes": [
                {
                    "what": "waiting time due to batching changed!",
                    "how": {
                        "reference": {
                            "nobs": 1357,
                            "minmax": [
                                0.0,
                                1061.408632
                            ],
                            "mean": 13.496315081798082,
                            "variance": 7715.2142891396115,
                            "skewness": 6.931574687062497,
                            "kurtosis": 50.52264073261296
                        },
                        "running": {
                            "nobs": 1356,
                            "minmax": [
                                0.0,
                                1120.006978
                            ],
                            "mean": 22.98566947418879,
                            "variance": 14116.165454626725,
                            "skewness": 5.397558923914752,
                            "kurtosis": 29.760655385363542
                        }
                    },
                    "causes": []
                },
                {
                    "what": "waiting time due to resource contention changed!",
                    "how": {
                        "reference": {
                            "nobs": 1357,
                            "minmax": [
                                0.0,
                                1183.751886
                            ],
                            "mean": 265.0344228938836,
                            "variance": 63859.859542554135,
                            "skewness": 0.791050239959763,
                            "kurtosis": -0.0038088809443110883
                        },
                        "running": {
                            "nobs": 1356,
                            "minmax": [
                                0.0,
                                1362.296617
                            ],
                            "mean": 302.6309653495575,
                            "variance": 80747.98747355952,
                            "skewness": 0.8861803413777689,
                            "kurtosis": 0.41363106346950795
                        }
                    },
                    "causes": []
                }
            ]
        }
    ]
}