{
    "what": "cycle time changed!",
    "how": {
        "reference": {
            "nobs": 1354,
            "minmax": [
                375.641603,
                1776.17192
            ],
            "mean": 893.8636219844905,
            "variance": 75057.65044417248,
            "skewness": 0.5133077923998867,
            "kurtosis": -0.5845945122457397
        },
        "running": {
            "nobs": 1371,
            "minmax": [
                446.609543,
                1654.494847
            ],
            "mean": 918.9158752312181,
            "variance": 71515.15320213015,
            "skewness": 0.33576851559458626,
            "kurtosis": -0.7883090910258193
        }
    },
    "causes": [
        {
            "what": "waiting time changed!",
            "how": {
                "reference": {
                    "nobs": 1354,
                    "minmax": [
                        0.0,
                        1187.152127
                    ],
                    "mean": 293.9228377968981,
                    "variance": 70109.38317531759,
                    "skewness": 0.6086008034563573,
                    "kurtosis": -0.5016616742036581
                },
                "running": {
                    "nobs": 1371,
                    "minmax": [
                        0.0,
                        1032.883092
                    ],
                    "mean": 318.9551703982495,
                    "variance": 68670.77777881458,
                    "skewness": 0.3689656755306418,
                    "kurtosis": -0.8689807181260378
                }
            },
            "causes": [
                {
                    "what": "waiting time due to resource contention changed!",
                    "how": {
                        "reference": {
                            "nobs": 1354,
                            "minmax": [
                                0.0,
                                1187.152127
                            ],
                            "mean": 276.161720844904,
                            "variance": 67260.93336151923,
                            "skewness": 0.713095461235666,
                            "kurtosis": -0.3154250746703613
                        },
                        "running": {
                            "nobs": 1371,
                            "minmax": [
                                0.0,
                                1032.883092
                            ],
                            "mean": 300.7541305492341,
                            "variance": 66114.1396441879,
                            "skewness": 0.45357067277598795,
                            "kurtosis": -0.7795990400221555
                        }
                    },
                    "causes": []
                }
            ]
        }
    ]
}