{
    "what": "cycle time changed!",
    "how": {
        "reference": {
            "nobs": 1370,
            "minmax": [
                403.340444,
                801.879766
            ],
            "mean": 599.1077270985401,
            "variance": 3379.3464114066333,
            "skewness": -0.02184954596608548,
            "kurtosis": -0.07462699606008805
        },
        "running": {
            "nobs": 1390,
            "minmax": [
                423.10019,
                1765.579457
            ],
            "mean": 976.130119613669,
            "variance": 81901.47742188814,
            "skewness": 0.2732239604682956,
            "kurtosis": -0.6815535762507023
        }
    },
    "causes": [
        {
            "what": "waiting time changed!",
            "how": {
                "reference": {
                    "nobs": 1370,
                    "minmax": [
                        0.0,
                        0.0
                    ],
                    "mean": 0.0,
                    "variance": 0.0,
                    "skewness": NaN,
                    "kurtosis": NaN
                },
                "running": {
                    "nobs": 1390,
                    "minmax": [
                        0.0,
                        1171.449565
                    ],
                    "mean": 377.57521946259,
                    "variance": 79166.29295185456,
                    "skewness": 0.2702485702226663,
                    "kurtosis": -0.7596848298725369
                }
            },
            "causes": [
                {
                    "what": "waiting time due to batching changed!",
                    "how": {
                        "reference": {
                            "nobs": 1370,
                            "minmax": [
                                0.0,
                                0.0
                            ],
                            "mean": 0.0,
                            "variance": 0.0,
                            "skewness": NaN,
                            "kurtosis": NaN
                        },
                        "running": {
                            "nobs": 1390,
                            "minmax": [
                                0.0,
                                973.569605
                            ],
                            "mean": 20.72421795323741,
                            "variance": 11517.066557756298,
                            "skewness": 5.3465363047852,
                            "kurtosis": 28.47783388025058
                        }
                    },
                    "causes": []
                },
                {
                    "what": "waiting time due to resource contention changed!",
                    "how": {
                        "reference": {
                            "nobs": 1370,
                            "minmax": [
                                0.0,
                                0.0
                            ],
                            "mean": 0.0,
                            "variance": 0.0,
                            "skewness": NaN,
                            "kurtosis": NaN
                        },
                        "running": {
                            "nobs": 1390,
                            "minmax": [
                                0.0,
                                1171.449565
                            ],
                            "mean": 356.85100150935256,
                            "variance": 77551.4371820794,
                            "skewness": 0.36090693661492945,
                            "kurtosis": -0.679055582054894
                        }
                    },
                    "causes": []
                }
            ]
        }
    ]
}