{
    "what": "cycle time changed!",
    "how": {
        "reference": {
            "nobs": 1377,
            "minmax": [
                441.032185,
                1776.437546
            ],
            "mean": 884.7762418061001,
            "variance": 58750.22501079875,
            "skewness": 0.6716677139048226,
            "kurtosis": 0.3015922962743618
        },
        "running": {
            "nobs": 1353,
            "minmax": [
                431.059884,
                1766.461822
            ],
            "mean": 828.3644759253509,
            "variance": 61812.832975746496,
            "skewness": 0.9286786477860457,
            "kurtosis": 0.3360870940222309
        }
    },
    "causes": [
        {
            "what": "waiting time changed!",
            "how": {
                "reference": {
                    "nobs": 1377,
                    "minmax": [
                        0.0,
                        1185.653242
                    ],
                    "mean": 286.1648719237473,
                    "variance": 56891.0301809202,
                    "skewness": 0.7013848366813172,
                    "kurtosis": 0.2099073826722142
                },
                "running": {
                    "nobs": 1353,
                    "minmax": [
                        0.0,
                        1129.995803
                    ],
                    "mean": 228.5742435654102,
                    "variance": 56694.53631380185,
                    "skewness": 1.0159029751311077,
                    "kurtosis": 0.4021833998037443
                }
            },
            "causes": [
                {
                    "what": "waiting time due to batching changed!",
                    "how": {
                        "reference": {
                            "nobs": 1377,
                            "minmax": [
                                0.0,
                                651.33785
                            ],
                            "mean": 8.995592408133625,
                            "variance": 4973.207736263061,
                            "skewness": 7.916785584149918,
                            "kurtosis": 61.811853880690734
                        },
                        "running": {
                            "nobs": 1353,
                            "minmax": [
                                0.0,
                                915.67655
                            ],
                            "mean": 12.937803623059866,
                            "variance": 7784.086739719867,
                            "skewness": 7.053485746446695,
                            "kurtosis": 50.0604788073961
                        }
                    },
                    "causes": []
                },
                {
                    "what": "waiting time due to resource contention changed!",
                    "how": {
                        "reference": {
                            "nobs": 1377,
                            "minmax": [
                                0.0,
                                1185.653242
                            ],
                            "mean": 277.16927951561365,
                            "variance": 54647.54670976032,
                            "skewness": 0.7055016146386103,
                            "kurtosis": 0.21998955628099193
                        },
                        "running": {
                            "nobs": 1353,
                            "minmax": [
                                0.0,
                                1129.995803
                            ],
                            "mean": 215.6364399423503,
                            "variance": 52330.67500229156,
                            "skewness": 1.0717946976214585,
                            "kurtosis": 0.6225414211555784
                        }
                    },
                    "causes": []
                }
            ]
        }
    ]
}