{
    "what": "cycle time changed!",
    "how": {
        "reference": {
            "nobs": 1381,
            "minmax": [
                457.086929,
                1678.704184
            ],
            "mean": 898.9866797588703,
            "variance": 69346.63282170676,
            "skewness": 0.3537778115787984,
            "kurtosis": -0.8624196825893717
        },
        "running": {
            "nobs": 1398,
            "minmax": [
                466.556006,
                2270.9294
            ],
            "mean": 979.3728998955651,
            "variance": 126343.01154080594,
            "skewness": 1.0699951869698554,
            "kurtosis": 1.1485125391965925
        }
    },
    "causes": [
        {
            "what": "waiting time changed!",
            "how": {
                "reference": {
                    "nobs": 1381,
                    "minmax": [
                        0.0,
                        1080.927985
                    ],
                    "mean": 301.0442910173787,
                    "variance": 65577.69697640126,
                    "skewness": 0.40251188438816765,
                    "kurtosis": -0.881812304699459
                },
                "running": {
                    "nobs": 1398,
                    "minmax": [
                        0.0,
                        1658.213386
                    ],
                    "mean": 378.7163274778254,
                    "variance": 123494.08644809705,
                    "skewness": 1.0976349351950168,
                    "kurtosis": 1.1642435087045735
                }
            },
            "causes": [
                {
                    "what": "waiting time due to batching changed!",
                    "how": {
                        "reference": {
                            "nobs": 1381,
                            "minmax": [
                                0.0,
                                909.342407
                            ],
                            "mean": 18.863227640115856,
                            "variance": 10926.915644289087,
                            "skewness": 5.625067106965512,
                            "kurtosis": 30.98776053053109
                        },
                        "running": {
                            "nobs": 1398,
                            "minmax": [
                                0.0,
                                1320.38801
                            ],
                            "mean": 35.035060437768244,
                            "variance": 23911.01524351112,
                            "skewness": 4.841679337680634,
                            "kurtosis": 24.969353536909352
                        }
                    },
                    "causes": []
                },
                {
                    "what": "waiting time due to resource contention changed!",
                    "how": {
                        "reference": {
                            "nobs": 1381,
                            "minmax": [
                                0.0,
                                1080.927985
                            ],
                            "mean": 282.18106337726283,
                            "variance": 62087.76101131011,
                            "skewness": 0.48178656878351334,
                            "kurtosis": -0.7737467193138912
                        },
                        "running": {
                            "nobs": 1398,
                            "minmax": [
                                0.0,
                                1658.213386
                            ],
                            "mean": 343.68126704005726,
                            "variance": 105606.0392080038,
                            "skewness": 1.1206377298322994,
                            "kurtosis": 1.4427248836185704
                        }
                    },
                    "causes": []
                }
            ]
        }
    ]
}