{
    "what": "cycle time changed!",
    "how": {
        "reference": {
            "nobs": 1354,
            "minmax": [
                373.483417,
                1653.895494
            ],
            "mean": 864.1375545649925,
            "variance": 54402.73826200069,
            "skewness": 0.45723403681902347,
            "kurtosis": -0.5743548130643088
        },
        "running": {
            "nobs": 1371,
            "minmax": [
                454.496675,
                2222.717889
            ],
            "mean": 874.9696710153172,
            "variance": 78355.76669384398,
            "skewness": 1.1393648017413747,
            "kurtosis": 1.8060798759656587
        }
    },
    "causes": [
        {
            "what": "processing time changed!",
            "how": {
                "reference": {
                    "nobs": 1354,
                    "minmax": [
                        373.483417,
                        790.221808
                    ],
                    "mean": 597.4992134194978,
                    "variance": 3460.89737680141,
                    "skewness": 0.012681159072790127,
                    "kurtosis": -0.03259009952640213
                },
                "running": {
                    "nobs": 1371,
                    "minmax": [
                        397.354053,
                        807.496286
                    ],
                    "mean": 601.1576102355945,
                    "variance": 3409.322784137359,
                    "skewness": 0.02430107268233824,
                    "kurtosis": 0.20918188225085332
                }
            },
            "causes": [
                {
                    "what": "processing time with resources available changed!",
                    "how": {
                        "reference": {
                            "nobs": 1354,
                            "minmax": [
                                373.483417,
                                790.221808
                            ],
                            "mean": 597.4992134194978,
                            "variance": 3460.89737680141,
                            "skewness": 0.012681159072790127,
                            "kurtosis": -0.03259009952640213
                        },
                        "running": {
                            "nobs": 1371,
                            "minmax": [
                                397.354053,
                                807.496286
                            ],
                            "mean": 601.1576102355945,
                            "variance": 3409.322784137359,
                            "skewness": 0.02430107268233824,
                            "kurtosis": 0.20918188225085332
                        }
                    },
                    "causes": []
                }
            ]
        }
    ]
}