{
    "what": "cycle time changed!",
    "how": {
        "reference": {
            "nobs": 1347,
            "minmax": [
                450.406413,
                1761.496444
            ],
            "mean": 874.1369466622123,
            "variance": 64748.707535470814,
            "skewness": 0.6629482687348983,
            "kurtosis": 0.06799756497541232
        },
        "running": {
            "nobs": 1385,
            "minmax": [
                421.407635,
                2504.820607
            ],
            "mean": 991.4125353220217,
            "variance": 161150.0221341112,
            "skewness": 1.4032157610118292,
            "kurtosis": 1.891282964348914
        }
    },
    "causes": [
        {
            "what": "waiting time changed!",
            "how": {
                "reference": {
                    "nobs": 1347,
                    "minmax": [
                        0.0,
                        1183.751886
                    ],
                    "mean": 275.23656170898295,
                    "variance": 62191.38118430187,
                    "skewness": 0.7433923740155786,
                    "kurtosis": 0.10723692144790986
                },
                "running": {
                    "nobs": 1385,
                    "minmax": [
                        0.0,
                        1947.17055
                    ],
                    "mean": 391.14838444332133,
                    "variance": 155569.34088876154,
                    "skewness": 1.4585991248727999,
                    "kurtosis": 2.011101535223003
                }
            },
            "causes": []
        }
    ]
}