{
    "what": "cycle time changed!",
    "how": {
        "reference": {
            "nobs": 2758,
            "minmax": [
                403.438409,
                1792.136234
            ],
            "mean": 967.2926469920234,
            "variance": 80016.49550248982,
            "skewness": 0.28943199875528214,
            "kurtosis": -0.6524469763546752
        },
        "running": {
            "nobs": 2737,
            "minmax": [
                413.326137,
                2270.9294
            ],
            "mean": 915.5901292626962,
            "variance": 108901.60660034734,
            "skewness": 1.15167759208725,
            "kurtosis": 1.3273396575124137
        }
    },
    "causes": [
        {
            "what": "waiting time changed!",
            "how": {
                "reference": {
                    "nobs": 2758,
                    "minmax": [
                        0.0,
                        1187.34008
                    ],
                    "mean": 366.89790839666426,
                    "variance": 78221.72778812145,
                    "skewness": 0.34310617415617356,
                    "kurtosis": -0.6686288033975951
                },
                "running": {
                    "nobs": 2737,
                    "minmax": [
                        0.0,
                        1658.213386
                    ],
                    "mean": 314.3558793485568,
                    "variance": 104575.93045024322,
                    "skewness": 1.1884410311632578,
                    "kurtosis": 1.3966387267092495
                }
            },
            "causes": [
                {
                    "what": "waiting time due to resource contention changed!",
                    "how": {
                        "reference": {
                            "nobs": 2758,
                            "minmax": [
                                0.0,
                                1187.34008
                            ],
                            "mean": 344.6053560489485,
                            "variance": 75324.18297358419,
                            "skewness": 0.41620118616198426,
                            "kurtosis": -0.6004773058727224
                        },
                        "running": {
                            "nobs": 2737,
                            "minmax": [
                                0.0,
                                1658.213386
                            ],
                            "mean": 294.9860297924735,
                            "variance": 93303.4226102449,
                            "skewness": 1.166452441193034,
                            "kurtosis": 1.3715444357400663
                        }
                    },
                    "causes": []
                }
            ]
        }
    ]
}