{
    "what": "cycle time changed!",
    "how": {
        "reference": {
            "nobs": 2756,
            "minmax": [
                421.407635,
                2504.820607
            ],
            "mean": 935.9949635507983,
            "variance": 123584.93032322342,
            "skewness": 1.4930174182331373,
            "kurtosis": 2.758247774344925
        },
        "running": {
            "nobs": 2734,
            "minmax": [
                441.032185,
                1808.148332
            ],
            "mean": 882.4204803822239,
            "variance": 65940.29681352158,
            "skewness": 0.7167140726557453,
            "kurtosis": 0.12431611853072777
        }
    },
    "causes": [
        {
            "what": "waiting time changed!",
            "how": {
                "reference": {
                    "nobs": 2756,
                    "minmax": [
                        0.0,
                        1947.17055
                    ],
                    "mean": 336.434412091074,
                    "variance": 119305.48319770404,
                    "skewness": 1.547400512662815,
                    "kurtosis": 2.892602724846686
                },
                "running": {
                    "nobs": 2734,
                    "minmax": [
                        0.0,
                        1241.166514
                    ],
                    "mean": 283.84650078346743,
                    "variance": 62878.08085799243,
                    "skewness": 0.759523892207742,
                    "kurtosis": 0.11237000288196031
                }
            },
            "causes": [
                {
                    "what": "waiting time due to resource contention changed!",
                    "how": {
                        "reference": {
                            "nobs": 2756,
                            "minmax": [
                                0.0,
                                1947.17055
                            ],
                            "mean": 318.86175168976774,
                            "variance": 111425.00429159419,
                            "skewness": 1.6156914617550016,
                            "kurtosis": 3.30359372106318
                        },
                        "running": {
                            "nobs": 2734,
                            "minmax": [
                                0.0,
                                1241.166514
                            ],
                            "mean": 271.9708404615947,
                            "variance": 59556.00338058012,
                            "skewness": 0.7818457172346405,
                            "kurtosis": 0.17270102358826422
                        }
                    },
                    "causes": []
                }
            ]
        }
    ]
}