{
    "what": "cycle time changed!",
    "how": {
        "reference": {
            "nobs": 2726,
            "minmax": [
                438.85569,
                1881.443669
            ],
            "mean": 902.5556971885546,
            "variance": 79473.0153714862,
            "skewness": 0.6417673671239369,
            "kurtosis": -0.2903387628016345
        },
        "running": {
            "nobs": 2745,
            "minmax": [
                432.804353,
                2253.028867
            ],
            "mean": 960.3957872786884,
            "variance": 91632.01504482793,
            "skewness": 0.6482110639098937,
            "kurtosis": 0.13459600822429918
        }
    },
    "causes": [
        {
            "what": "waiting time changed!",
            "how": {
                "reference": {
                    "nobs": 2726,
                    "minmax": [
                        0.0,
                        1217.431409
                    ],
                    "mean": 304.83108000476886,
                    "variance": 75871.43695778218,
                    "skewness": 0.6844569341349535,
                    "kurtosis": -0.3155207402119129
                },
                "running": {
                    "nobs": 2745,
                    "minmax": [
                        0.0,
                        1640.071723
                    ],
                    "mean": 362.1635508360656,
                    "variance": 88189.18905440046,
                    "skewness": 0.6809237589390932,
                    "kurtosis": 0.12354437303608146
                }
            },
            "causes": [
                {
                    "what": "waiting time due to resource contention changed!",
                    "how": {
                        "reference": {
                            "nobs": 2726,
                            "minmax": [
                                0.0,
                                1217.431409
                            ],
                            "mean": 286.5167386316948,
                            "variance": 70939.49428405947,
                            "skewness": 0.7526619011639469,
                            "kurtosis": -0.17081392165390552
                        },
                        "running": {
                            "nobs": 2745,
                            "minmax": [
                                0.0,
                                1640.071723
                            ],
                            "mean": 340.1388316546448,
                            "variance": 83484.19258847595,
                            "skewness": 0.7621446365592156,
                            "kurtosis": 0.33875459604819547
                        }
                    },
                    "causes": []
                }
            ]
        }
    ]
}