{
    "what": "cycle time changed!",
    "how": {
        "reference": {
            "nobs": 2720,
            "minmax": [
                375.641603,
                1784.946444
            ],
            "mean": 878.6763323187502,
            "variance": 64627.378762323046,
            "skewness": 0.5057907834345897,
            "kurtosis": -0.5073484898402989
        },
        "running": {
            "nobs": 2726,
            "minmax": [
                375.641603,
                1985.73323
            ],
            "mean": 905.3072570590609,
            "variance": 78316.62421206779,
            "skewness": 0.6024880242628619,
            "kurtosis": -0.21353448409582976
        }
    },
    "causes": [
        {
            "what": "waiting time changed!",
            "how": {
                "reference": {
                    "nobs": 2720,
                    "minmax": [
                        0.0,
                        1187.152127
                    ],
                    "mean": 279.2719772694853,
                    "variance": 59744.86982511008,
                    "skewness": 0.5697141116937022,
                    "kurtosis": -0.4722419512839262
                },
                "running": {
                    "nobs": 2726,
                    "minmax": [
                        0.0,
                        1303.023269
                    ],
                    "mean": 306.20268897432135,
                    "variance": 73541.90367408187,
                    "skewness": 0.6477842594154282,
                    "kurtosis": -0.23214902579996455
                }
            },
            "causes": [
                {
                    "what": "waiting time due to resource contention changed!",
                    "how": {
                        "reference": {
                            "nobs": 2720,
                            "minmax": [
                                0.0,
                                1187.152127
                            ],
                            "mean": 266.4118857569853,
                            "variance": 57624.54791925104,
                            "skewness": 0.6376684100631603,
                            "kurtosis": -0.3508058919673571
                        },
                        "running": {
                            "nobs": 2726,
                            "minmax": [
                                0.0,
                                1303.023269
                            ],
                            "mean": 289.6665044402054,
                            "variance": 69939.90602233897,
                            "skewness": 0.7252487357505936,
                            "kurtosis": -0.057433829479873744
                        }
                    },
                    "causes": []
                }
            ]
        }
    ]
}