{
    "what": "cycle time changed!",
    "how": {
        "reference": {
            "nobs": 2760,
            "minmax": [
                452.810042,
                1816.633431
            ],
            "mean": 898.2872343652175,
            "variance": 78602.14129369284,
            "skewness": 0.5812544431503647,
            "kurtosis": -0.4511673000376879
        },
        "running": {
            "nobs": 2719,
            "minmax": [
                413.326137,
                1899.046589
            ],
            "mean": 877.8581670856931,
            "variance": 79124.43943879566,
            "skewness": 0.7707731141653188,
            "kurtosis": -0.05090552906486989
        }
    },
    "causes": [
        {
            "what": "waiting time changed!",
            "how": {
                "reference": {
                    "nobs": 2760,
                    "minmax": [
                        0.0,
                        1224.757879
                    ],
                    "mean": 300.13080128586955,
                    "variance": 75220.12420226765,
                    "skewness": 0.62022873819585,
                    "kurtosis": -0.4988164342195991
                },
                "running": {
                    "nobs": 2719,
                    "minmax": [
                        0.0,
                        1224.757879
                    ],
                    "mean": 278.5992166678926,
                    "variance": 75400.61290736478,
                    "skewness": 0.7902819089300904,
                    "kurtosis": -0.16352764746578607
                }
            },
            "causes": [
                {
                    "what": "waiting time due to batching changed!",
                    "how": {
                        "reference": {
                            "nobs": 2760,
                            "minmax": [
                                0.0,
                                1039.099255
                            ],
                            "mean": 20.633394481521737,
                            "variance": 12489.510083304107,
                            "skewness": 5.609397443598082,
                            "kurtosis": 31.644860735625905
                        },
                        "running": {
                            "nobs": 2719,
                            "minmax": [
                                0.0,
                                1039.099255
                            ],
                            "mean": 12.411785073924237,
                            "variance": 7695.781795207003,
                            "skewness": 7.55477723368442,
                            "kurtosis": 59.8223617127916
                        }
                    },
                    "causes": []
                }
            ]
        }
    ]
}