{
    "what": "cycle time changed!",
    "how": {
        "reference": {
            "nobs": 13450,
            "minmax": [
                390.63684,
                1507.732127
            ],
            "mean": 865.789761978736,
            "variance": 34131.574676719116,
            "skewness": 0.2444043411584665,
            "kurtosis": -0.4897577649626048
        },
        "running": {
            "nobs": 13361,
            "minmax": [
                390.63684,
                1340.847276
            ],
            "mean": 830.7221891619639,
            "variance": 29930.927664473467,
            "skewness": 0.21186864575736994,
            "kurtosis": -0.6769874038600769
        }
    },
    "causes": [
        {
            "what": "waiting time changed!",
            "how": {
                "reference": {
                    "nobs": 13450,
                    "minmax": [
                        0.0,
                        789.889718
                    ],
                    "mean": 265.9174544710781,
                    "variance": 30764.460874975637,
                    "skewness": 0.25995550913393733,
                    "kurtosis": -0.6390709248961164
                },
                "running": {
                    "nobs": 13361,
                    "minmax": [
                        0.0,
                        641.981528
                    ],
                    "mean": 230.6304821230447,
                    "variance": 26308.829370753938,
                    "skewness": 0.24578426794792987,
                    "kurtosis": -0.8847676179416619
                }
            },
            "causes": [
                {
                    "what": "waiting time due to resource contention changed!",
                    "how": {
                        "reference": {
                            "nobs": 13450,
                            "minmax": [
                                0.0,
                                789.889718
                            ],
                            "mean": 262.81210324505577,
                            "variance": 30304.131808600956,
                            "skewness": 0.25858950021848903,
                            "kurtosis": -0.6460390885542906
                        },
                        "running": {
                            "nobs": 13361,
                            "minmax": [
                                0.0,
                                641.981528
                            ],
                            "mean": 229.46278043626972,
                            "variance": 26210.705230913052,
                            "skewness": 0.2498331657259722,
                            "kurtosis": -0.8814366590810851
                        }
                    },
                    "causes": []
                }
            ]
        }
    ]
}