{
    "what": "cycle time changed!",
    "how": {
        "reference": {
            "nobs": 1378,
            "minmax": [
                424.455198,
                788.097752
            ],
            "mean": 598.0671334898403,
            "variance": 3425.840606442277,
            "skewness": 0.013636528999174162,
            "kurtosis": -0.08161291328629483
        },
        "running": {
            "nobs": 1378,
            "minmax": [
                434.409912,
                793.737108
            ],
            "mean": 601.6441102293178,
            "variance": 3427.742427273571,
            "skewness": 0.12004302067605212,
            "kurtosis": -0.05956275543895284
        }
    },
    "causes": [
        {
            "what": "processing time changed!",
            "how": {
                "reference": {
                    "nobs": 1378,
                    "minmax": [
                        424.455198,
                        788.097752
                    ],
                    "mean": 598.0671334898403,
                    "variance": 3425.840606442277,
                    "skewness": 0.013636528999174162,
                    "kurtosis": -0.08161291328629483
                },
                "running": {
                    "nobs": 1378,
                    "minmax": [
                        434.409912,
                        793.737108
                    ],
                    "mean": 601.6441102293178,
                    "variance": 3427.742427273571,
                    "skewness": 0.12004302067605212,
                    "kurtosis": -0.05956275543895284
                }
            },
            "causes": [
                {
                    "what": "processing time with resources available changed!",
                    "how": {
                        "reference": {
                            "nobs": 1378,
                            "minmax": [
                                424.455198,
                                788.097752
                            ],
                            "mean": 598.0671334898403,
                            "variance": 3425.840606442277,
                            "skewness": 0.013636528999174162,
                            "kurtosis": -0.08161291328629483
                        },
                        "running": {
                            "nobs": 1378,
                            "minmax": [
                                434.409912,
                                793.737108
                            ],
                            "mean": 601.6441102293178,
                            "variance": 3427.742427273571,
                            "skewness": 0.12004302067605212,
                            "kurtosis": -0.05956275543895284
                        }
                    },
                    "causes": []
                }
            ]
        }
    ]
}