{
    "what": "cycle time changed!",
    "how": {
        "reference": {
            "nobs": 13538,
            "minmax": [
                387.407406,
                1407.202762
            ],
            "mean": 875.508678910548,
            "variance": 39827.69790006347,
            "skewness": 0.169776690730256,
            "kurtosis": -0.9214820845835061
        },
        "running": {
            "nobs": 13666,
            "minmax": [
                375.426953,
                1624.182727
            ],
            "mean": 915.0655179092638,
            "variance": 52021.558179547734,
            "skewness": 0.2630590290527358,
            "kurtosis": -0.6165944749586023
        }
    },
    "causes": [
        {
            "what": "waiting time changed!",
            "how": {
                "reference": {
                    "nobs": 13538,
                    "minmax": [
                        0.0,
                        730.157167
                    ],
                    "mean": 275.9873486669375,
                    "variance": 36157.321645720986,
                    "skewness": 0.20110613184836298,
                    "kurtosis": -1.0985970620693553
                },
                "running": {
                    "nobs": 13666,
                    "minmax": [
                        0.0,
                        946.46645
                    ],
                    "mean": 314.99784840443436,
                    "variance": 48192.29808383175,
                    "skewness": 0.29994234762926125,
                    "kurtosis": -0.6703926596126468
                }
            },
            "causes": [
                {
                    "what": "waiting time due to batching changed!",
                    "how": {
                        "reference": {
                            "nobs": 13538,
                            "minmax": [
                                0.0,
                                665.651283
                            ],
                            "mean": 4.87225225144039,
                            "variance": 2606.8876392366346,
                            "skewness": 10.52624563914322,
                            "kurtosis": 110.22302480199873
                        },
                        "running": {
                            "nobs": 13666,
                            "minmax": [
                                0.0,
                                796.299326
                            ],
                            "mean": 10.154266598346261,
                            "variance": 5656.327992157499,
                            "skewness": 7.432437842203011,
                            "kurtosis": 54.48202030008554
                        }
                    },
                    "causes": []
                },
                {
                    "what": "waiting time due to resource contention changed!",
                    "how": {
                        "reference": {
                            "nobs": 13538,
                            "minmax": [
                                0.0,
                                730.157167
                            ],
                            "mean": 271.11509641549713,
                            "variance": 35830.43116326038,
                            "skewness": 0.2225026483951132,
                            "kurtosis": -1.0865868207717337
                        },
                        "running": {
                            "nobs": 13666,
                            "minmax": [
                                0.0,
                                946.46645
                            ],
                            "mean": 304.84358180608814,
                            "variance": 46743.13923332847,
                            "skewness": 0.3296451347227049,
                            "kurtosis": -0.6458744827790484
                        }
                    },
                    "causes": []
                }
            ]
        }
    ]
}