{
    "what": "cycle time changed!",
    "how": {
        "reference": {
            "nobs": 1370,
            "minmax": [
                403.340444,
                801.879766
            ],
            "mean": 599.1077270985401,
            "variance": 3379.3464114066333,
            "skewness": -0.02184954596608548,
            "kurtosis": -0.07462699606008805
        },
        "running": {
            "nobs": 1371,
            "minmax": [
                349.067029,
                67933.00145
            ],
            "mean": 1574.7832956053976,
            "variance": 50920349.9185757,
            "skewness": 9.008751335043627,
            "kurtosis": 79.67580223833116
        }
    },
    "causes": [
        {
            "what": "waiting time changed!",
            "how": {
                "reference": {
                    "nobs": 1370,
                    "minmax": [
                        0.0,
                        0.0
                    ],
                    "mean": 0.0,
                    "variance": 0.0,
                    "skewness": NaN,
                    "kurtosis": NaN
                },
                "running": {
                    "nobs": 1371,
                    "minmax": [
                        0.0,
                        67293.050205
                    ],
                    "mean": 974.9628445361052,
                    "variance": 50921389.39644494,
                    "skewness": 9.010356698978365,
                    "kurtosis": 79.69454653653963
                }
            },
            "causes": [
                {
                    "what": "waiting time due to batching changed!",
                    "how": {
                        "reference": {
                            "nobs": 1370,
                            "minmax": [
                                0.0,
                                0.0
                            ],
                            "mean": 0.0,
                            "variance": 0.0,
                            "skewness": NaN,
                            "kurtosis": NaN
                        },
                        "running": {
                            "nobs": 1371,
                            "minmax": [
                                0.0,
                                67293.050205
                            ],
                            "mean": 974.9628445361052,
                            "variance": 50921389.39644494,
                            "skewness": 9.010356698978365,
                            "kurtosis": 79.69454653653963
                        }
                    },
                    "causes": [
                        {
                            "what": "batch creation policies changed!",
                            "how": {
                                "reference": {
                                    "activity == B": {
                                        "true_positives": 0,
                                        "true_negatives": 1116,
                                        "false_positives": 254,
                                        "false_negatives": 0,
                                        "f1_score": 0,
                                        "classification_accuracy": 0.8145985401459854
                                    }
                                },
                                "running": {
                                    "activity == B": {
                                        "true_positives": 255,
                                        "true_negatives": 1116,
                                        "false_positives": 0,
                                        "false_negatives": 0,
                                        "f1_score": 1.0,
                                        "classification_accuracy": 1.0
                                    }
                                }
                            },
                            "causes": []
                        },
                        {
                            "what": "batch firing policies for 'activity == B' changed!",
                            "how": {
                                "reference": {
                                    "(time_since_first > 2021.66394) && (time_since_first <= 34347.12903)": {
                                        "true_positives": 0,
                                        "true_negatives": 0,
                                        "false_positives": 0,
                                        "false_negatives": 0,
                                        "f1_score": 0,
                                        "classification_accuracy": 0
                                    },
                                    "(time_since_first > 34485.05481) && (time_since_last <= 33107.48132)": {
                                        "true_positives": 0,
                                        "true_negatives": 0,
                                        "false_positives": 0,
                                        "false_negatives": 0,
                                        "f1_score": 0,
                                        "classification_accuracy": 0
                                    },
                                    "time_since_first > 66654.25391": {
                                        "true_positives": 0,
                                        "true_negatives": 0,
                                        "false_positives": 0,
                                        "false_negatives": 0,
                                        "f1_score": 0,
                                        "classification_accuracy": 0
                                    },
                                    "size > 4": {
                                        "true_positives": 0,
                                        "true_negatives": 0,
                                        "false_positives": 0,
                                        "false_negatives": 0,
                                        "f1_score": 0,
                                        "classification_accuracy": 0
                                    }
                                },
                                "running": {
                                    "(time_since_first > 2021.66394) && (time_since_first <= 34347.12903)": {
                                        "true_positives": 90,
                                        "true_negatives": 204,
                                        "false_positives": 0,
                                        "false_negatives": 12,
                                        "f1_score": 0.9375,
                                        "classification_accuracy": 0.9607843137254902
                                    },
                                    "(time_since_first > 34485.05481) && (time_since_last <= 33107.48132)": {
                                        "true_positives": 11,
                                        "true_negatives": 201,
                                        "false_positives": 3,
                                        "false_negatives": 91,
                                        "f1_score": 0.18965517241379312,
                                        "classification_accuracy": 0.6928104575163399
                                    },
                                    "time_since_first > 66654.25391": {
                                        "true_positives": 12,
                                        "true_negatives": 204,
                                        "false_positives": 0,
                                        "false_negatives": 90,
                                        "f1_score": 0.21052631578947367,
                                        "classification_accuracy": 0.7058823529411765
                                    },