{
    "what": "cycle time changed!",
    "how": {
        "reference": {
            "nobs": 2744,
            "minmax": [
                373.483417,
                2268.287398
            ],
            "mean": 911.428905066691,
            "variance": 79085.16251356778,
            "skewness": 0.9241413649820753,
            "kurtosis": 1.2129294227007428
        },
        "running": {
            "nobs": 2762,
            "minmax": [
                430.896038,
                1808.148332
            ],
            "mean": 966.7371516955104,
            "variance": 92534.95010420296,
            "skewness": 0.3301529600055242,
            "kurtosis": -0.8692999422753136
        }
    },
    "causes": [
        {
            "what": "waiting time changed!",
            "how": {
                "reference": {
                    "nobs": 2744,
                    "minmax": [
                        0.0,
                        1696.814779
                    ],
                    "mean": 312.95765744424193,
                    "variance": 75776.17304188434,
                    "skewness": 1.0066256758144712,
                    "kurtosis": 1.3606663536116672
                },
                "running": {
                    "nobs": 2762,
                    "minmax": [
                        0.0,
                        1241.166514
                    ],
                    "mean": 367.3190318298335,
                    "variance": 89244.70175678215,
                    "skewness": 0.35636435944981626,
                    "kurtosis": -0.9208962983101099
                }
            },
            "causes": [
                {
                    "what": "waiting time due to batching changed!",
                    "how": {
                        "reference": {
                            "nobs": 2744,
                            "minmax": [
                                0.0,
                                1120.84646
                            ],
                            "mean": 15.230245638119532,
                            "variance": 9353.271628914741,
                            "skewness": 6.7078129810305605,
                            "kurtosis": 46.923178464488906
                        },
                        "running": {
                            "nobs": 2762,
                            "minmax": [
                                0.0,
                                1072.173754
                            ],
                            "mean": 33.18694600217234,
                            "variance": 19260.62368817926,
                            "skewness": 4.141317959214792,
                            "kurtosis": 16.084152463161818
                        }
                    },
                    "causes": []
                }
            ]
        }
    ]
}