{
    "what": "cycle time changed!",
    "how": {
        "reference": {
            "nobs": 2725,
            "minmax": [
                375.641603,
                1784.946444
            ],
            "mean": 885.8659735181651,
            "variance": 67603.13106407151,
            "skewness": 0.5140754329778009,
            "kurtosis": -0.4959040757539266
        },
        "running": {
            "nobs": 2766,
            "minmax": [
                435.21676,
                2085.339407
            ],
            "mean": 938.7688609237166,
            "variance": 84126.29998689186,
            "skewness": 0.5978883995936578,
            "kurtosis": -0.09585695959986484
        }
    },
    "causes": [
        {
            "what": "waiting time changed!",
            "how": {
                "reference": {
                    "nobs": 2725,
                    "minmax": [
                        0.0,
                        1187.152127
                    ],
                    "mean": 285.8014412649541,
                    "variance": 63050.82623114922,
                    "skewness": 0.5788531392344651,
                    "kurtosis": -0.46362409126339443
                },
                "running": {
                    "nobs": 2766,
                    "minmax": [
                        0.0,
                        1410.620024
                    ],
                    "mean": 337.73918731670284,
                    "variance": 81015.54780744536,
                    "skewness": 0.6380713399112925,
                    "kurtosis": -0.1185031589878367
                }
            },
            "causes": [
                {
                    "what": "waiting time due to resource contention changed!",
                    "how": {
                        "reference": {
                            "nobs": 2725,
                            "minmax": [
                                0.0,
                                1187.152127
                            ],
                            "mean": 272.09107965541284,
                            "variance": 61087.92493951307,
                            "skewness": 0.6586321711420428,
                            "kurtosis": -0.32435683754047284
                        },
                        "running": {
                            "nobs": 2766,
                            "minmax": [
                                0.0,
                                1410.620024
                            ],
                            "mean": 317.46242557556036,
                            "variance": 77107.58482603231,
                            "skewness": 0.7236606242850342,
                            "kurtosis": 0.06442061031779556
                        }
                    },
                    "causes": []
                }
            ]
        }
    ]
}