{
    "what": "cycle time changed!",
    "how": {
        "reference": {
            "nobs": 2727,
            "minmax": [
                404.119584,
                1861.727718
            ],
            "mean": 906.1948807535754,
            "variance": 82847.71444693289,
            "skewness": 0.6507695821761168,
            "kurtosis": -0.39689081894052824
        },
        "running": {
            "nobs": 2757,
            "minmax": [
                439.577946,
                2362.706474
            ],
            "mean": 957.96092462967,
            "variance": 108870.25713960464,
            "skewness": 0.9649672574811077,
            "kurtosis": 1.1019146111617628
        }
    },
    "causes": [
        {
            "what": "waiting time changed!",
            "how": {
                "reference": {
                    "nobs": 2727,
                    "minmax": [
                        0.0,
                        1199.332164
                    ],
                    "mean": 305.72032359699307,
                    "variance": 79628.60776275545,
                    "skewness": 0.6840978134255954,
                    "kurtosis": -0.40026742167025464
                },
                "running": {
                    "nobs": 2757,
                    "minmax": [
                        0.0,
                        1754.847218
                    ],
                    "mean": 357.55200406565103,
                    "variance": 104160.06648167109,
                    "skewness": 1.0146467767675516,
                    "kurtosis": 1.1677082856840846
                }
            },
            "causes": [
                {
                    "what": "waiting time due to resource contention changed!",
                    "how": {
                        "reference": {
                            "nobs": 2727,
                            "minmax": [
                                0.0,
                                1199.332164
                            ],
                            "mean": 287.30196275834254,
                            "variance": 75100.75731855507,
                            "skewness": 0.7749131540467254,
                            "kurtosis": -0.19291361355175773
                        },
                        "running": {
                            "nobs": 2757,
                            "minmax": [
                                0.0,
                                1754.847218
                            ],
                            "mean": 333.1282242959739,
                            "variance": 96889.29846877254,
                            "skewness": 1.0882692257558586,
                            "kurtosis": 1.4417605127241204
                        }
                    },
                    "causes": []
                }
            ]
        }
    ]
}