{
    "what": "cycle time changed!",
    "how": {
        "reference": {
            "nobs": 2696,
            "minmax": [
                442.572655,
                2033.848847
            ],
            "mean": 880.7400071157269,
            "variance": 78687.33082308223,
            "skewness": 0.8901004508381597,
            "kurtosis": 0.41180968728619716
        },
        "running": {
            "nobs": 2720,
            "minmax": [
                400.494541,
                2033.848847
            ],
            "mean": 928.8733337595588,
            "variance": 92167.51391595506,
            "skewness": 0.8008383206852814,
            "kurtosis": 0.17064426777258834
        }
    },
    "causes": [
        {
            "what": "waiting time changed!",
            "how": {
                "reference": {
                    "nobs": 2696,
                    "minmax": [
                        0.0,
                        1379.177833
                    ],
                    "mean": 281.2058688041543,
                    "variance": 75677.24418927653,
                    "skewness": 0.9563910285648987,
                    "kurtosis": 0.48545629164372484
                },
                "running": {
                    "nobs": 2720,
                    "minmax": [
                        0.0,
                        1386.635865
                    ],
                    "mean": 329.39396520919115,
                    "variance": 89081.49643402713,
                    "skewness": 0.8486191980099901,
                    "kurtosis": 0.2349500714119599
                }
            },
            "causes": []
        }
    ]
}