{
    "what": "cycle time changed!",
    "how": {
        "reference": {
            "nobs": 2748,
            "minmax": [
                373.483417,
                2504.820607
            ],
            "mean": 929.4341406222708,
            "variance": 111384.05597233777,
            "skewness": 1.5669765713546442,
            "kurtosis": 3.490648276497552
        },
        "running": {
            "nobs": 2753,
            "minmax": [
                447.376589,
                2222.717889
            ],
            "mean": 898.4430092673447,
            "variance": 76132.74152630032,
            "skewness": 0.9186639628109049,
            "kurtosis": 0.8569869932064149
        }
    },
    "causes": [
        {
            "what": "waiting time changed!",
            "how": {
                "reference": {
                    "nobs": 2748,
                    "minmax": [
                        0.0,
                        1947.17055
                    ],
                    "mean": 330.99048300000004,
                    "variance": 107074.4946727681,
                    "skewness": 1.634234162185411,
                    "kurtosis": 3.678205735032728
                },
                "running": {
                    "nobs": 2753,
                    "minmax": [
                        0.0,
                        1498.067169
                    ],
                    "mean": 297.10176255466763,
                    "variance": 73491.22674085209,
                    "skewness": 0.9708591013761968,
                    "kurtosis": 0.9200118810579463
                }
            },
            "causes": [
                {
                    "what": "waiting time due to resource contention changed!",
                    "how": {
                        "reference": {
                            "nobs": 2748,
                            "minmax": [
                                0.0,
                                1947.17055
                            ],
                            "mean": 313.72736702620085,
                            "variance": 100213.56582147285,
                            "skewness": 1.6903625551026409,
                            "kurtosis": 4.07969752484379
                        },
                        "running": {
                            "nobs": 2753,
                            "minmax": [
                                0.0,
                                1498.067169
                            ],
                            "mean": 282.318018608064,
                            "variance": 69092.40962853181,
                            "skewness": 1.0189857725847367,
                            "kurtosis": 1.1365227564336617
                        }
                    },
                    "causes": []
                }
            ]
        }
    ]
}