{
    "what": "cycle time changed!",
    "how": {
        "reference": {
            "nobs": 2758,
            "minmax": [
                403.340444,
                801.879766
            ],
            "mean": 600.1170185591009,
            "variance": 3523.23789411228,
            "skewness": -0.004244212084434117,
            "kurtosis": -0.10016743684193408
        },
        "running": {
            "nobs": 2756,
            "minmax": [
                423.10019,
                2033.848847
            ],
            "mean": 928.4523446708998,
            "variance": 81983.92311431882,
            "skewness": 0.5989395690868656,
            "kurtosis": -0.1551128356607574
        }
    },
    "causes": [
        {
            "what": "waiting time changed!",
            "how": {
                "reference": {
                    "nobs": 2758,
                    "minmax": [
                        0.0,
                        0.0
                    ],
                    "mean": 0.0,
                    "variance": 0.0,
                    "skewness": NaN,
                    "kurtosis": NaN
                },
                "running": {
                    "nobs": 2756,
                    "minmax": [
                        0.0,
                        1379.177833
                    ],
                    "mean": 329.39223736393325,
                    "variance": 79875.3552405126,
                    "skewness": 0.6487647305143186,
                    "kurtosis": -0.17830616754361017
                }
            },
            "causes": [
                {
                    "what": "waiting time due to batching changed!",
                    "how": {
                        "reference": {
                            "nobs": 2758,
                            "minmax": [
                                0.0,
                                0.0
                            ],
                            "mean": 0.0,
                            "variance": 0.0,
                            "skewness": NaN,
                            "kurtosis": NaN
                        },
                        "running": {
                            "nobs": 2756,
                            "minmax": [
                                0.0,
                                1061.408632
                            ],
                            "mean": 19.681033728955008,
                            "variance": 11965.429256023517,
                            "skewness": 5.838528021696499,
                            "kurtosis": 34.67930559251431
                        }
                    },
                    "causes": []
                },
                {
                    "what": "waiting time due to resource contention changed!",
                    "how": {
                        "reference": {
                            "nobs": 2758,
                            "minmax": [
                                0.0,
                                0.0
                            ],
                            "mean": 0.0,
                            "variance": 0.0,
                            "skewness": NaN,
                            "kurtosis": NaN
                        },
                        "running": {
                            "nobs": 2756,
                            "minmax": [
                                0.0,
                                1379.177833
                            ],
                            "mean": 309.71120363497823,
                            "variance": 75787.64558634008,
                            "skewness": 0.7195437009183425,
                            "kurtosis": -0.04201430089613245
                        }
                    },
                    "causes": []
                }
            ]
        }
    ]
}