{
    "what": "cycle time changed!",
    "how": {
        "reference": {
            "nobs": 1363,
            "minmax": [
                450.406413,
                1761.496444
            ],
            "mean": 882.1873147923698,
            "variance": 75879.7309207518,
            "skewness": 0.6649719146586681,
            "kurtosis": -0.3062808164470825
        },
        "running": {
            "nobs": 1398,
            "minmax": [
                421.407635,
                2504.820607
            ],
            "mean": 1010.2878974828325,
            "variance": 174689.16551295837,
            "skewness": 1.310468015337264,
            "kurtosis": 1.3033869162737401
        }
    },
    "causes": [
        {
            "what": "waiting time changed!",
            "how": {
                "reference": {
                    "nobs": 1363,
                    "minmax": [
                        0.0,
                        1183.751886
                    ],
                    "mean": 283.0807486008804,
                    "variance": 73443.1105241008,
                    "skewness": 0.738222616350891,
                    "kurtosis": -0.2813546216020004
                },
                "running": {
                    "nobs": 1398,
                    "minmax": [
                        0.0,
                        1947.17055
                    ],
                    "mean": 409.7341394742489,
                    "variance": 169669.82762385148,
                    "skewness": 1.3492141328799627,
                    "kurtosis": 1.3663647500265599
                }
            },
            "causes": [
                {
                    "what": "waiting time due to resource contention changed!",
                    "how": {
                        "reference": {
                            "nobs": 1363,
                            "minmax": [
                                0.0,
                                1183.751886
                            ],
                            "mean": 264.57837775788704,
                            "variance": 69223.2623602671,
                            "skewness": 0.8299514786104303,
                            "kurtosis": -0.0790190157190489
                        },
                        "running": {
                            "nobs": 1398,
                            "minmax": [
                                0.0,
                                1947.17055
                            ],
                            "mean": 387.43132848783983,
                            "variance": 158033.13842719965,
                            "skewness": 1.437489297438806,
                            "kurtosis": 1.7718794425487765
                        }
                    },
                    "causes": []
                }
            ]
        }
    ]
}