{
    "what": "cycle time changed!",
    "how": {
        "reference": {
            "nobs": 1378,
            "minmax": [
                458.876393,
                1808.148332
            ],
            "mean": 953.9636239927432,
            "variance": 94383.41391896768,
            "skewness": 0.42204025904807435,
            "kurtosis": -0.8545285209761708
        },
        "running": {
            "nobs": 1376,
            "minmax": [
                441.032185,
                1776.437546
            ],
            "mean": 884.9922490239827,
            "variance": 58728.656114454156,
            "skewness": 0.6711939778328969,
            "kurtosis": 0.3023769600519639
        }
    },
    "causes": [
        {
            "what": "waiting time changed!",
            "how": {
                "reference": {
                    "nobs": 1378,
                    "minmax": [
                        0.0,
                        1241.166514
                    ],
                    "mean": 353.4946896632801,
                    "variance": 90742.3043105709,
                    "skewness": 0.4585855281491922,
                    "kurtosis": -0.8721621406242361
                },
                "running": {
                    "nobs": 1376,
                    "minmax": [
                        0.0,
                        1185.653242
                    ],
                    "mean": 286.37284058066865,
                    "variance": 56872.80558669016,
                    "skewness": 0.7008724324775679,
                    "kurtosis": 0.21034338906803596
                }
            },
            "causes": [
                {
                    "what": "waiting time due to batching changed!",
                    "how": {
                        "reference": {
                            "nobs": 1378,
                            "minmax": [
                                0.0,
                                1072.173754
                            ],
                            "mean": 30.989742040638607,
                            "variance": 17907.13268145513,
                            "skewness": 4.349922276037659,
                            "kurtosis": 18.194696256779523
                        },
                        "running": {
                            "nobs": 1376,
                            "minmax": [
                                0.0,
                                651.33785
                            ],
                            "mean": 9.00212990261628,
                            "variance": 4976.765720441134,
                            "skewness": 7.913774288668562,
                            "kurtosis": 61.76338450935134
                        }
                    },
                    "causes": []
                }
            ]
        }
    ]
}