{
    "what": "cycle time changed!",
    "how": {
        "reference": {
            "nobs": 1359,
            "minmax": [
                400.494541,
                1989.363449
            ],
            "mean": 941.3600768675498,
            "variance": 93362.44940847979,
            "skewness": 0.8036323263847935,
            "kurtosis": 0.2125370357336207
        },
        "running": {
            "nobs": 1361,
            "minmax": [
                373.483417,
                1653.895494
            ],
            "mean": 876.9894053923584,
            "variance": 61374.07746121014,
            "skewness": 0.48377623822938237,
            "kurtosis": -0.5988904872102547
        }
    },
    "causes": [
        {
            "what": "waiting time changed!",
            "how": {
                "reference": {
                    "nobs": 1359,
                    "minmax": [
                        0.0,
                        1386.635865
                    ],
                    "mean": 342.17785557395143,
                    "variance": 89870.93880536112,
                    "skewness": 0.8673372830704545,
                    "kurtosis": 0.30789725050851
                },
                "running": {
                    "nobs": 1361,
                    "minmax": [
                        0.0,
                        1066.188826
                    ],
                    "mean": 279.95618659662017,
                    "variance": 58093.988613168214,
                    "skewness": 0.5370735992865069,
                    "kurtosis": -0.627914355824136
                }
            },
            "causes": [
                {
                    "what": "waiting time due to resource contention changed!",
                    "how": {
                        "reference": {
                            "nobs": 1359,
                            "minmax": [
                                0.0,
                                1362.296617
                            ],
                            "mean": 314.0744860853569,
                            "variance": 80182.57794620907,
                            "skewness": 0.8912131896559329,
                            "kurtosis": 0.4055097816997524
                        },
                        "running": {
                            "nobs": 1361,
                            "minmax": [
                                0.0,
                                1066.188826
                            ],
                            "mean": 266.5744461351947,
                            "variance": 56050.216175159505,
                            "skewness": 0.604257729315644,
                            "kurtosis": -0.5205718981425589
                        }
                    },
                    "causes": []
                }
            ]
        }
    ]
}