{
    "what": "cycle time changed!",
    "how": {
        "reference": {
            "nobs": 1360,
            "minmax": [
                441.383063,
                1861.727718
            ],
            "mean": 915.2442981088234,
            "variance": 86398.61750511051,
            "skewness": 0.605878741128369,
            "kurtosis": -0.497235759746383
        },
        "running": {
            "nobs": 1382,
            "minmax": [
                451.557824,
                1889.89305
            ],
            "mean": 965.6154180238784,
            "variance": 87292.90113188494,
            "skewness": 0.4937781970645201,
            "kurtosis": -0.26351868542792634
        }
    },
    "causes": [
        {
            "what": "waiting time changed!",
            "how": {
                "reference": {
                    "nobs": 1360,
                    "minmax": [
                        0.0,
                        1199.332164
                    ],
                    "mean": 314.5184365397059,
                    "variance": 84038.32964672746,
                    "skewness": 0.6661774833108141,
                    "kurtosis": -0.4142262111773305
                },
                "running": {
                    "nobs": 1382,
                    "minmax": [
                        0.0,
                        1253.195706
                    ],
                    "mean": 364.1708300050651,
                    "variance": 83069.27723740935,
                    "skewness": 0.5319015816103241,
                    "kurtosis": -0.27267488467468626
                }
            },
            "causes": []
        }
    ]
}