{
    "what": "cycle time changed!",
    "how": {
        "reference": {
            "nobs": 1401,
            "minmax": [
                460.151976,
                2085.339407
            ],
            "mean": 1013.7548567323341,
            "variance": 100528.33304664171,
            "skewness": 0.370631271895553,
            "kurtosis": -0.4645585323582906
        },
        "running": {
            "nobs": 1366,
            "minmax": [
                454.02349,
                1913.531491
            ],
            "mean": 902.1518379612006,
            "variance": 75104.3021416373,
            "skewness": 0.7236316112027114,
            "kurtosis": 0.01660550358007562
        }
    },
    "causes": [
        {
            "what": "waiting time changed!",
            "how": {
                "reference": {
                    "nobs": 1401,
                    "minmax": [
                        0.0,
                        1410.620024
                    ],
                    "mean": 411.57243887508923,
                    "variance": 97512.29029076606,
                    "skewness": 0.390508075308784,
                    "kurtosis": -0.5117539790292258
                },
                "running": {
                    "nobs": 1366,
                    "minmax": [
                        0.0,
                        1266.975886
                    ],
                    "mean": 301.03629744363104,
                    "variance": 72227.4808148515,
                    "skewness": 0.7624320558561658,
                    "kurtosis": 0.00431660861358818
                }
            },
            "causes": [
                {
                    "what": "waiting time due to resource contention changed!",
                    "how": {
                        "reference": {
                            "nobs": 1401,
                            "minmax": [
                                0.0,
                                1410.620024
                            ],
                            "mean": 380.8942639229123,
                            "variance": 94738.19554826977,
                            "skewness": 0.5191952346212323,
                            "kurtosis": -0.3744239005225136
                        },
                        "running": {
                            "nobs": 1366,
                            "minmax": [
                                0.0,
                                1234.210584
                            ],
                            "mean": 281.4258265014641,
                            "variance": 67081.90125137595,
                            "skewness": 0.8315090577689132,
                            "kurtosis": 0.16200463534381226
                        }
                    },
                    "causes": []
                }
            ]
        }
    ]
}