{
    "what": "cycle time changed!",
    "how": {
        "reference": {
            "nobs": 1363,
            "minmax": [
                450.406413,
                1761.496444
            ],
            "mean": 882.1873147923698,
            "variance": 75879.7309207518,
            "skewness": 0.6649719146586681,
            "kurtosis": -0.3062808164470825
        },
        "running": {
            "nobs": 1372,
            "minmax": [
                450.406413,
                2033.848847
            ],
            "mean": 941.9350351071428,
            "variance": 85660.33818671937,
            "skewness": 0.7281133599711899,
            "kurtosis": 0.2686129737873557
        }
    },
    "causes": [
        {
            "what": "waiting time changed!",
            "how": {
                "reference": {
                    "nobs": 1363,
                    "minmax": [
                        0.0,
                        1183.751886
                    ],
                    "mean": 283.0807486008804,
                    "variance": 73443.1105241008,
                    "skewness": 0.738222616350891,
                    "kurtosis": -0.2813546216020004
                },
                "running": {
                    "nobs": 1372,
                    "minmax": [
                        0.0,
                        1379.177833
                    ],
                    "mean": 343.5750748287172,
                    "variance": 82948.49666134611,
                    "skewness": 0.7934864992131554,
                    "kurtosis": 0.30645500857041696
                }
            },
            "causes": [
                {
                    "what": "waiting time due to resource contention changed!",
                    "how": {
                        "reference": {
                            "nobs": 1363,
                            "minmax": [
                                0.0,
                                1183.751886
                            ],
                            "mean": 264.57837775788704,
                            "variance": 69223.2623602671,
                            "skewness": 0.8299514786104303,
                            "kurtosis": -0.0790190157190489
                        },
                        "running": {
                            "nobs": 1372,
                            "minmax": [
                                0.0,
                                1379.177833
                            ],
                            "mean": 324.6611741508747,
                            "variance": 78360.77123268992,
                            "skewness": 0.8486998847672842,
                            "kurtosis": 0.45794295878796554
                        }
                    },
                    "causes": []
                }
            ]
        }
    ]
}