{
    "what": "cycle time changed!",
    "how": {
        "reference": {
            "nobs": 1380,
            "minmax": [
                387.375202,
                67608.323655
            ],
            "mean": 1381.1673401528985,
            "variance": 37887784.01990786,
            "skewness": 10.44760579572295,
            "kurtosis": 108.10349045914856
        },
        "running": {
            "nobs": 1368,
            "minmax": [
                374.748827,
                67676.332783
            ],
            "mean": 1676.5519570804097,
            "variance": 56997922.43319916,
            "skewness": 8.471284865084632,
            "kurtosis": 70.18720450465642
        }
    },
    "causes": [
        {
            "what": "waiting time changed!",
            "how": {
                "reference": {
                    "nobs": 1380,
                    "minmax": [
                        0.0,
                        67055.82284
                    ],
                    "mean": 779.5326060333333,
                    "variance": 37890902.38339357,
                    "skewness": 10.449655151773092,
                    "kurtosis": 108.12987842629815
                },
                "running": {
                    "nobs": 1368,
                    "minmax": [
                        0.0,
                        67096.008092
                    ],
                    "mean": 1075.175307766082,
                    "variance": 56981067.21580824,
                    "skewness": 8.472622165954268,
                    "kurtosis": 70.20280199778341
                }
            },
            "causes": [
                {
                    "what": "waiting time due to batching changed!",
                    "how": {
                        "reference": {
                            "nobs": 1380,
                            "minmax": [
                                0.0,
                                67055.82284
                            ],
                            "mean": 779.5326060333333,
                            "variance": 37890902.38339357,
                            "skewness": 10.449655151773092,
                            "kurtosis": 108.12987842629815
                        },
                        "running": {
                            "nobs": 1368,
                            "minmax": [
                                0.0,
                                67096.008092
                            ],
                            "mean": 1075.175307766082,
                            "variance": 56981067.21580824,
                            "skewness": 8.472622165954268,
                            "kurtosis": 70.20280199778341
                        }
                    },
                    "causes": [
                        {
                            "what": "batch firing policies for 'activity == B' changed!",
                            "how": {
                                "reference": {
                                    "size > 4": {
                                        "true_positives": 100,
                                        "true_negatives": 203,
                                        "false_positives": 0,
                                        "false_negatives": 2,
                                        "f1_score": 0.9900990099009901,
                                        "classification_accuracy": 0.9934426229508196
                                    },
                                    "(time_since_last <= 32886.73663) && (time_since_first > 2088.16986)": {
                                        "true_positives": 99,
                                        "true_negatives": 201,
                                        "false_positives": 2,
                                        "false_negatives": 3,
                                        "f1_score": 0.975369458128079,
                                        "classification_accuracy": 0.9836065573770492
                                    },
                                    "(time_since_last <= 32840.94519) && (day_of_week == Tuesday) && (time_since_first > 2095.92114)": {
                                        "true_positives": 14,
                                        "true_negatives": 203,
                                        "false_positives": 0,
                                        "false_negatives": 88,
                                        "f1_score": 0.24137931034482762,
                                        "classification_accuracy": 0.7114754098360656
                                    },
                                    "(time_since_first > 34509.25061) && (time_since_last <= 32840.94519)": {
                                        "true_positives": 7,
                                        "true_negatives": 202,
                                        "false_positives": 1,
                                        "false_negatives": 95,
                                        "f1_score": 0.1272727272727273,
                                        "classification_accuracy": 0.6852459016393443
                                    },
                                    "(time_since_first > 2143.61194) && (time_since_last <= 32840.94519) && (time_since_first <= 34509.25061)": {
                                        "true_positives": 92,
                                        "true_negatives": 203,
                                        "false_positives": 0,
                                        "false_negatives": 10,
                                        "f1_score": 0.9484536082474226,
                                        "classification_accuracy": 0.9672131147540983
                                    },
                                    "(time_since_last <= 32840.94519) && (day_of_week != Tuesday) && (time_since_first > 2095.92114)": {
                                        "true_positives": 85,
                                        "true_negatives": 201,
                                        "false_positives": 2,
                                        "false_negatives": 17,
                                        "f1_score": 0.8994708994708994,
                                        "classification_accuracy": 0.9377049180327869
                                    }
                                },
                                "running": {
                                    "size > 4": {
                                        "true_positives": 104,
                                        "true_negatives": 208,
                                        "false_positives": 0,
                                        "false_negatives": 0,
                                        "f1_score": 1.0,
                                        "classification_accuracy": 1.0
                                    },
                                    "(time_since_last <= 32886.73663) && (time_since_first > 2088.16986)": {
                                        "true_positives": 98,
                                        "true_negatives": 202,
                                        "false_positives": 6,
                                        "false_negatives": 6,
                                        "f1_score": 0.9423076923076923,
                                        "classification_accuracy": 0.9615384615384616
                                    },
                                    "(time_since_last <= 32840.94519) && (day_of_week == Tuesday) && (time_since_first > 2095.92114)": {
                                        "true_positives": 14,
                                        "true_negatives": 205,
                                        "false_positives": 3,
                                        "false_negatives": 90,
                                        "f1_score": 0.23140495867768596,