{
    "what": "cycle time changed!",
    "how": {
        "reference": {
            "nobs": 2779,
            "minmax": [
                415.246214,
                788.311134
            ],
            "mean": 601.1639833494063,
            "variance": 3651.6936020711323,
            "skewness": -0.006605017515270631,
            "kurtosis": -0.14345083632970024
        },
        "running": {
            "nobs": 2739,
            "minmax": [
                349.067029,
                67933.00145
            ],
            "mean": 1528.1160316323476,
            "variance": 47657341.5877483,
            "skewness": 9.303171496702264,
            "kurtosis": 85.14228504617886
        }
    },
    "causes": [
        {
            "what": "waiting time changed!",
            "how": {
                "reference": {
                    "nobs": 2779,
                    "minmax": [
                        0.0,
                        0.0
                    ],
                    "mean": 0.0,
                    "variance": 0.0,
                    "skewness": NaN,
                    "kurtosis": NaN
                },
                "running": {
                    "nobs": 2739,
                    "minmax": [
                        0.0,
                        67293.050205
                    ],
                    "mean": 927.9098325874409,
                    "variance": 47650499.39463137,
                    "skewness": 9.304311584318027,
                    "kurtosis": 85.15570711565633
                }
            },
            "causes": [
                {
                    "what": "waiting time due to batching changed!",
                    "how": {
                        "reference": {
                            "nobs": 2779,
                            "minmax": [
                                0.0,
                                0.0
                            ],
                            "mean": 0.0,
                            "variance": 0.0,
                            "skewness": NaN,
                            "kurtosis": NaN
                        },
                        "running": {
                            "nobs": 2739,
                            "minmax": [
                                0.0,
                                67293.050205
                            ],
                            "mean": 927.9098325874409,
                            "variance": 47650499.39463137,
                            "skewness": 9.304311584318027,
                            "kurtosis": 85.15570711565633
                        }
                    },
                    "causes": [
                        {
                            "what": "batch creation policies changed!",
                            "how": {
                                "reference": {
                                    "activity == B": {
                                        "true_positives": 0,
                                        "true_negatives": 2268,
                                        "false_positives": 511,
                                        "false_negatives": 0,
                                        "f1_score": 0,
                                        "classification_accuracy": 0.8161209068010076
                                    }
                                },
                                "running": {
                                    "activity == B": {
                                        "true_positives": 510,
                                        "true_negatives": 2229,
                                        "false_positives": 0,
                                        "false_negatives": 0,
                                        "f1_score": 1.0,
                                        "classification_accuracy": 1.0
                                    }
                                }
                            },
                            "causes": []
                        },
                        {
                            "what": "batch firing policies for 'activity == B' changed!",
                            "how": {
                                "reference": {
                                    "time_since_first > 66602.08203": {
                                        "true_positives": 0,
                                        "true_negatives": 0,
                                        "false_positives": 0,
                                        "false_negatives": 0,
                                        "f1_score": 0,
                                        "classification_accuracy": 0
                                    },
                                    "(time_since_first <= 34208.78918) && (time_since_first > 2071.2843)": {
                                        "true_positives": 0,
                                        "true_negatives": 0,
                                        "false_positives": 0,
                                        "false_negatives": 0,
                                        "f1_score": 0,
                                        "classification_accuracy": 0
                                    },
                                    "size > 4": {
                                        "true_positives": 0,
                                        "true_negatives": 0,
                                        "false_positives": 0,
                                        "false_negatives": 0,
                                        "f1_score": 0,
                                        "classification_accuracy": 0
                                    }
                                },
                                "running": {
                                    "time_since_first > 66602.08203": {
                                        "true_positives": 22,
                                        "true_negatives": 405,
                                        "false_positives": 0,
                                        "false_negatives": 182,
                                        "f1_score": 0.1946902654867257,
                                        "classification_accuracy": 0.7011494252873564
                                    },
                                    "(time_since_first <= 34208.78918) && (time_since_first > 2071.2843)": {
                                        "true_positives": 182,
                                        "true_negatives": 404,
                                        "false_positives": 1,
                                        "false_negatives": 22,
                                        "f1_score": 0.9405684754521964,
                                        "classification_accuracy": 0.9622331691297209
                                    },
                                    "size > 4": {
                                        "true_positives": 204,
                                        "true_negatives": 405,
                                        "false_positives": 0,
                                        "false_negatives": 0,
                                        "f1_score": 1.0,
                                        "classification_accuracy": 1.0
                                    }
                                }
                            },
                            "causes": []
                        }
                    ]
                }
            ]
        }
    ]
}