{
    "what": "cycle time changed!",
    "how": {
        "reference": {
            "nobs": 2758,
            "minmax": [
                403.340444,
                801.879766
            ],
            "mean": 600.1170185591009,
            "variance": 3523.23789411228,
            "skewness": -0.004244212084434117,
            "kurtosis": -0.10016743684193408
        },
        "running": {
            "nobs": 2731,
            "minmax": [
                349.067029,
                67933.00145
            ],
            "mean": 1554.8434114639329,
            "variance": 49333231.65267065,
            "skewness": 9.135613881050446,
            "kurtosis": 82.01593748815569
        }
    },
    "causes": [
        {
            "what": "waiting time changed!",
            "how": {
                "reference": {
                    "nobs": 2758,
                    "minmax": [
                        0.0,
                        0.0
                    ],
                    "mean": 0.0,
                    "variance": 0.0,
                    "skewness": NaN,
                    "kurtosis": NaN
                },
                "running": {
                    "nobs": 2731,
                    "minmax": [
                        0.0,
                        67293.050205
                    ],
                    "mean": 954.7921772651043,
                    "variance": 49327901.37806546,
                    "skewness": 9.136618505225991,
                    "kurtosis": 82.02710094834771
                }
            },
            "causes": [
                {
                    "what": "waiting time due to batching changed!",
                    "how": {
                        "reference": {
                            "nobs": 2758,
                            "minmax": [
                                0.0,
                                0.0
                            ],
                            "mean": 0.0,
                            "variance": 0.0,
                            "skewness": NaN,
                            "kurtosis": NaN
                        },
                        "running": {
                            "nobs": 2731,
                            "minmax": [
                                0.0,
                                67293.050205
                            ],
                            "mean": 954.7921772651043,
                            "variance": 49327901.37806546,
                            "skewness": 9.136618505225991,
                            "kurtosis": 82.02710094834771
                        }
                    },
                    "causes": [
                        {
                            "what": "batch creation policies changed!",
                            "how": {
                                "reference": {
                                    "activity == B": {
                                        "true_positives": 0,
                                        "true_negatives": 2250,
                                        "false_positives": 508,
                                        "false_negatives": 0,
                                        "f1_score": 0,
                                        "classification_accuracy": 0.8158085569253082
                                    }
                                },
                                "running": {
                                    "activity == B": {
                                        "true_positives": 510,
                                        "true_negatives": 2221,
                                        "false_positives": 0,
                                        "false_negatives": 0,
                                        "f1_score": 1.0,
                                        "classification_accuracy": 1.0
                                    }
                                }
                            },
                            "causes": []
                        },
                        {
                            "what": "batch firing policies for 'activity == B' changed!",
                            "how": {
                                "reference": {
                                    "(time_since_first > 34022.61926) && (time_since_last <= 733.96112)": {
                                        "true_positives": 0,
                                        "true_negatives": 0,
                                        "false_positives": 0,
                                        "false_negatives": 0,
                                        "f1_score": 0,
                                        "classification_accuracy": 0
                                    },
                                    "(time_since_first <= 34249.89856) && (time_since_first > 2131.66504) && (time_since_last <= 32884.1994)": {
                                        "true_positives": 0,
                                        "true_negatives": 0,
                                        "false_positives": 0,
                                        "false_negatives": 0,
                                        "f1_score": 0,
                                        "classification_accuracy": 0
                                    },
                                    "size > 4": {
                                        "true_positives": 0,
                                        "true_negatives": 0,
                                        "false_positives": 0,
                                        "false_negatives": 0,
                                        "f1_score": 0,
                                        "classification_accuracy": 0
                                    }
                                },
                                "running": {
                                    "(time_since_first > 34022.61926) && (time_since_last <= 733.96112)": {
                                        "true_positives": 19,
                                        "true_negatives": 400,
                                        "false_positives": 5,
                                        "false_negatives": 185,
                                        "f1_score": 0.16666666666666666,
                                        "classification_accuracy": 0.6880131362889984
                                    },
                                    "(time_since_first <= 34249.89856) && (time_since_first > 2131.66504) && (time_since_last <= 32884.1994)": {
                                        "true_positives": 180,
                                        "true_negatives": 405,
                                        "false_positives": 0,
                                        "false_negatives": 24,
                                        "f1_score": 0.9375,
                                        "classification_accuracy": 0.9605911330049262
                                    },
                                    "size > 4": {
                                        "true_positives": 204,
                                        "true_negatives": 405,
                                        "false_positives": 0,
                                        "false_negatives": 0,
                                        "f1_score": 1.0,
                                        "classification_accuracy": 1.0
                                    }
                                }
                            },
                            "causes": []
                        }
                    ]
                }
            ]
        }
    ]
}