{
    "what": "cycle time changed!",
    "how": {
        "reference": {
            "nobs": 1346,
            "minmax": [
                375.641603,
                1776.17192
            ],
            "mean": 875.945949256315,
            "variance": 70369.50346495825,
            "skewness": 0.6272476084012738,
            "kurtosis": -0.3668242322692983
        },
        "running": {
            "nobs": 1369,
            "minmax": [
                375.641603,
                1985.73323
            ],
            "mean": 913.0698488597517,
            "variance": 86764.24369472334,
            "skewness": 0.7622342808378924,
            "kurtosis": 0.12947954634834602
        }
    },
    "causes": [
        {
            "what": "waiting time changed!",
            "how": {
                "reference": {
                    "nobs": 1346,
                    "minmax": [
                        0.0,
                        1187.152127
                    ],
                    "mean": 275.12661761218425,
                    "variance": 65265.39428437171,
                    "skewness": 0.7361918584415587,
                    "kurtosis": -0.19514107319598484
                },
                "running": {
                    "nobs": 1369,
                    "minmax": [
                        0.0,
                        1303.023269
                    ],
                    "mean": 313.03598600657415,
                    "variance": 81435.8329292157,
                    "skewness": 0.8245162456102358,
                    "kurtosis": 0.15514261494603554
                }
            },
            "causes": [
                {
                    "what": "waiting time due to batching changed!",
                    "how": {
                        "reference": {
                            "nobs": 1346,
                            "minmax": [
                                0.0,
                                783.911018
                            ],
                            "mean": 11.995383071322436,
                            "variance": 6917.814416119008,
                            "skewness": 7.055846237239308,
                            "kurtosis": 49.363418481214175
                        },
                        "running": {
                            "nobs": 1369,
                            "minmax": [
                                0.0,
                                783.911018
                            ],
                            "mean": 18.008595444850258,
                            "variance": 10534.97991169371,
                            "skewness": 5.692362643063033,
                            "kurtosis": 31.192849904742168
                        }
                    },
                    "causes": []
                },
                {
                    "what": "waiting time due to resource contention changed!",
                    "how": {
                        "reference": {
                            "nobs": 1346,
                            "minmax": [
                                0.0,
                                1187.152127
                            ],
                            "mean": 262.7863501939079,
                            "variance": 62902.98999981932,
                            "skewness": 0.8064404803137776,
                            "kurtosis": -0.04769229487229465
                        },
                        "running": {
                            "nobs": 1369,
                            "minmax": [
                                0.0,
                                1303.023269
                            ],
                            "mean": 294.68830047333824,
                            "variance": 76156.89477713057,
                            "skewness": 0.9155544126325018,
                            "kurtosis": 0.45191838762993974
                        }
                    },
                    "causes": []
                }
            ]
        }
    ]
}