{
    "what": "cycle time changed!",
    "how": {
        "reference": {
            "nobs": 1376,
            "minmax": [
                435.21676,
                2085.339407
            ],
            "mean": 912.7007974956394,
            "variance": 79074.34230598577,
            "skewness": 0.9641086391833233,
            "kurtosis": 1.0389278314002528
        },
        "running": {
            "nobs": 1402,
            "minmax": [
                460.151976,
                2085.339407
            ],
            "mean": 1013.4925447360914,
            "variance": 100553.04657971059,
            "skewness": 0.3715988015935557,
            "kurtosis": -0.46509666584313925
        }
    },
    "causes": [
        {
            "what": "waiting time changed!",
            "how": {
                "reference": {
                    "nobs": 1376,
                    "minmax": [
                        0.0,
                        1410.620024
                    ],
                    "mean": 310.0785007485465,
                    "variance": 75554.41054147558,
                    "skewness": 1.0309780607282941,
                    "kurtosis": 1.1349294747658893
                },
                "running": {
                    "nobs": 1402,
                    "minmax": [
                        0.0,
                        1410.620024
                    ],
                    "mean": 411.27887793437947,
                    "variance": 97563.5099628278,
                    "skewness": 0.3911089932501781,
                    "kurtosis": -0.5125226117740977
                }
            },
            "causes": [
                {
                    "what": "waiting time due to batching changed!",
                    "how": {
                        "reference": {
                            "nobs": 1376,
                            "minmax": [
                                0.0,
                                1234.509974
                            ],
                            "mean": 12.93449778851744,
                            "variance": 7655.125422325648,
                            "skewness": 7.449912275338467,
                            "kurtosis": 61.68973210049448
                        },
                        "running": {
                            "nobs": 1402,
                            "minmax": [
                                0.0,
                                1234.509974
                            ],
                            "mean": 30.656293229671896,
                            "variance": 17704.380474388076,
                            "skewness": 4.406192255222156,
                            "kurtosis": 19.2126171899323
                        }
                    },
                    "causes": []
                },
                {
                    "what": "waiting time due to resource contention changed!",
                    "how": {
                        "reference": {
                            "nobs": 1376,
                            "minmax": [
                                0.0,
                                1410.620024
                            ],
                            "mean": 297.14400296002907,
                            "variance": 71722.81957499273,
                            "skewness": 1.0645568468657975,
                            "kurtosis": 1.3118619674517404
                        },
                        "running": {
                            "nobs": 1402,
                            "minmax": [
                                0.0,
                                1410.620024
                            ],
                            "mean": 380.6225847047076,
                            "variance": 94774.05476574675,
                            "skewness": 0.5198261392002136,
                            "kurtosis": -0.3747795902451694
                        }
                    },
                    "causes": []
                }
            ]
        }
    ]
}