{
    "what": "cycle time changed!",
    "how": {
        "reference": {
            "nobs": 1370,
            "minmax": [
                405.719337,
                2253.028867
            ],
            "mean": 982.1042565270072,
            "variance": 98627.03027643045,
            "skewness": 0.6491905722243934,
            "kurtosis": 0.31389132454086033
        },
        "running": {
            "nobs": 1385,
            "minmax": [
                461.098833,
                1977.172349
            ],
            "mean": 944.3326444288808,
            "variance": 75021.73065962161,
            "skewness": 0.5169770100502953,
            "kurtosis": -0.07302980790249114
        }
    },
    "causes": [
        {
            "what": "waiting time changed!",
            "how": {
                "reference": {
                    "nobs": 1370,
                    "minmax": [
                        0.0,
                        1640.071723
                    ],
                    "mean": 380.71016737299266,
                    "variance": 94272.7014596576,
                    "skewness": 0.7077377674117841,
                    "kurtosis": 0.3377111672947901
                },
                "running": {
                    "nobs": 1385,
                    "minmax": [
                        0.0,
                        1301.97682
                    ],
                    "mean": 344.3155558469314,
                    "variance": 72213.82501677834,
                    "skewness": 0.5639268276930502,
                    "kurtosis": -0.08457012423469834
                }
            },
            "causes": [
                {
                    "what": "waiting time due to resource contention changed!",
                    "how": {
                        "reference": {
                            "nobs": 1370,
                            "minmax": [
                                0.0,
                                1640.071723
                            ],
                            "mean": 358.1236049189781,
                            "variance": 89706.24687332094,
                            "skewness": 0.7909860718080208,
                            "kurtosis": 0.579634715576633
                        },
                        "running": {
                            "nobs": 1385,
                            "minmax": [
                                0.0,
                                1301.97682
                            ],
                            "mean": 326.790337501083,
                            "variance": 68933.96187561764,
                            "skewness": 0.6040584194544579,
                            "kurtosis": 0.0013716598795103785
                        }
                    },
                    "causes": []
                }
            ]
        }
    ]
}