{
    "what": "cycle time changed!",
    "how": {
        "reference": {
            "nobs": 1381,
            "minmax": [
                373.483417,
                2268.287398
            ],
            "mean": 959.0672786401158,
            "variance": 99731.86697184834,
            "skewness": 0.961716860160995,
            "kurtosis": 0.93636220757219
        },
        "running": {
            "nobs": 1365,
            "minmax": [
                373.483417,
                1675.595186
            ],
            "mean": 894.9742998520147,
            "variance": 63873.54926112452,
            "skewness": 0.45917617776763825,
            "kurtosis": -0.536002321340967
        }
    },
    "causes": [
        {
            "what": "waiting time changed!",
            "how": {
                "reference": {
                    "nobs": 1381,
                    "minmax": [
                        0.0,
                        1696.814779
                    ],
                    "mean": 362.0809125887038,
                    "variance": 96687.24677501926,
                    "skewness": 1.0107744332707638,
                    "kurtosis": 1.0006238524153783
                },
                "running": {
                    "nobs": 1365,
                    "minmax": [
                        0.0,
                        1056.474899
                    ],
                    "mean": 296.98384319999997,
                    "variance": 60325.76151568407,
                    "skewness": 0.5044531778847644,
                    "kurtosis": -0.6030413049135595
                }
            },
            "causes": [
                {
                    "what": "waiting time due to resource contention changed!",
                    "how": {
                        "reference": {
                            "nobs": 1381,
                            "minmax": [
                                0.0,
                                1696.814779
                            ],
                            "mean": 340.5289588095583,
                            "variance": 90402.32606187013,
                            "skewness": 1.062225230156862,
                            "kurtosis": 1.2313761656424527
                        },
                        "running": {
                            "nobs": 1365,
                            "minmax": [
                                0.0,
                                1031.760303
                            ],
                            "mean": 281.3240462556777,
                            "variance": 57289.41362283359,
                            "skewness": 0.5514065386893499,
                            "kurtosis": -0.5544441622204324
                        }
                    },
                    "causes": []
                }
            ]
        }
    ]
}