{
    "what": "cycle time changed!",
    "how": {
        "reference": {
            "nobs": 13361,
            "minmax": [
                390.63684,
                1340.847276
            ],
            "mean": 830.7221891619639,
            "variance": 29930.927664473467,
            "skewness": 0.21186864575736994,
            "kurtosis": -0.6769874038600769
        },
        "running": {
            "nobs": 13480,
            "minmax": [
                387.407406,
                1407.202762
            ],
            "mean": 864.8849672750741,
            "variance": 40035.22794238092,
            "skewness": 0.24260212265574846,
            "kurtosis": -0.8833803165642355
        }
    },
    "causes": [
        {
            "what": "waiting time changed!",
            "how": {
                "reference": {
                    "nobs": 13361,
                    "minmax": [
                        0.0,
                        641.981528
                    ],
                    "mean": 230.6304821230447,
                    "variance": 26308.829370753938,
                    "skewness": 0.24578426794792987,
                    "kurtosis": -0.8847676179416619
                },
                "running": {
                    "nobs": 13480,
                    "minmax": [
                        0.0,
                        730.157167
                    ],
                    "mean": 265.0444369250742,
                    "variance": 36497.91834902059,
                    "skewness": 0.2875394130881057,
                    "kurtosis": -1.056012798666597
                }
            },
            "causes": [
                {
                    "what": "waiting time due to resource contention changed!",
                    "how": {
                        "reference": {
                            "nobs": 13361,
                            "minmax": [
                                0.0,
                                641.981528
                            ],
                            "mean": 229.46278043626972,
                            "variance": 26210.705230913052,
                            "skewness": 0.2498331657259722,
                            "kurtosis": -0.8814366590810851
                        },
                        "running": {
                            "nobs": 13480,
                            "minmax": [
                                0.0,
                                730.157167
                            ],
                            "mean": 260.384684019362,
                            "variance": 36063.408796719894,
                            "skewness": 0.30841978065846326,
                            "kurtosis": -1.0369941323791307
                        }
                    },
                    "causes": []
                }
            ]
        }
    ]
}