{
    "what": "cycle time changed!",
    "how": {
        "reference": {
            "nobs": 13423,
            "minmax": [
                387.407406,
                1379.228526
            ],
            "mean": 839.668906322357,
            "variance": 34337.0628758332,
            "skewness": 0.2557182957422639,
            "kurtosis": -0.7898019442321069
        },
        "running": {
            "nobs": 13666,
            "minmax": [
                375.426953,
                1624.182727
            ],
            "mean": 915.0655179092638,
            "variance": 52021.558179547734,
            "skewness": 0.2630590290527358,
            "kurtosis": -0.6165944749586023
        }
    },
    "causes": [
        {
            "what": "waiting time changed!",
            "how": {
                "reference": {
                    "nobs": 13423,
                    "minmax": [
                        0.0,
                        678.98538
                    ],
                    "mean": 240.09989069328762,
                    "variance": 30787.017029227976,
                    "skewness": 0.30845234611728783,
                    "kurtosis": -0.9850631825460496
                },
                "running": {
                    "nobs": 13666,
                    "minmax": [
                        0.0,
                        946.46645
                    ],
                    "mean": 314.99784840443436,
                    "variance": 48192.29808383175,
                    "skewness": 0.29994234762926125,
                    "kurtosis": -0.6703926596126468
                }
            },
            "causes": [
                {
                    "what": "waiting time due to batching changed!",
                    "how": {
                        "reference": {
                            "nobs": 13423,
                            "minmax": [
                                0.0,
                                629.937641
                            ],
                            "mean": 1.994828702525516,
                            "variance": 1031.799857853468,
                            "skewness": 16.16800892433463,
                            "kurtosis": 261.43765123808936
                        },
                        "running": {
                            "nobs": 13666,
                            "minmax": [
                                0.0,
                                796.299326
                            ],
                            "mean": 10.154266598346261,
                            "variance": 5656.327992157499,
                            "skewness": 7.432437842203011,
                            "kurtosis": 54.48202030008554
                        }
                    },
                    "causes": []
                },
                {
                    "what": "waiting time due to resource contention changed!",
                    "how": {
                        "reference": {
                            "nobs": 13423,
                            "minmax": [
                                0.0,
                                678.98538
                            ],
                            "mean": 238.10506199076212,
                            "variance": 30587.430582050834,
                            "skewness": 0.31665817595467316,
                            "kurtosis": -0.9769809862292278
                        },
                        "running": {
                            "nobs": 13666,
                            "minmax": [
                                0.0,
                                946.46645
                            ],
                            "mean": 304.84358180608814,
                            "variance": 46743.13923332847,
                            "skewness": 0.3296451347227049,
                            "kurtosis": -0.6458744827790484
                        }
                    },
                    "causes": []
                }
            ]
        }
    ]
}