{
    "what": "cycle time changed!",
    "how": {
        "reference": {
            "nobs": 1370,
            "minmax": [
                403.340444,
                801.879766
            ],
            "mean": 599.1077270985401,
            "variance": 3379.3464114066333,
            "skewness": -0.02184954596608548,
            "kurtosis": -0.07462699606008805
        },
        "running": {
            "nobs": 1399,
            "minmax": [
                422.826234,
                67477.499184
            ],
            "mean": 1046.2090836182988,
            "variance": 21929646.562675882,
            "skewness": 13.852832676590307,
            "kurtosis": 191.5371670576098
        }
    },
    "causes": [
        {
            "what": "waiting time changed!",
            "how": {
                "reference": {
                    "nobs": 1370,
                    "minmax": [
                        0.0,
                        0.0
                    ],
                    "mean": 0.0,
                    "variance": 0.0,
                    "skewness": NaN,
                    "kurtosis": NaN
                },
                "running": {
                    "nobs": 1399,
                    "minmax": [
                        0.0,
                        66813.363388
                    ],
                    "mean": 444.5172203609721,
                    "variance": 21916849.57871845,
                    "skewness": 13.854728466193352,
                    "kurtosis": 191.56969763297369
                }
            },
            "causes": [
                {
                    "what": "waiting time due to batching changed!",
                    "how": {
                        "reference": {
                            "nobs": 1370,
                            "minmax": [
                                0.0,
                                0.0
                            ],
                            "mean": 0.0,
                            "variance": 0.0,
                            "skewness": NaN,
                            "kurtosis": NaN
                        },
                        "running": {
                            "nobs": 1399,
                            "minmax": [
                                0.0,
                                66813.363388
                            ],
                            "mean": 444.5172203609721,
                            "variance": 21916849.57871845,
                            "skewness": 13.854728466193352,
                            "kurtosis": 191.56969763297369
                        }
                    },
                    "causes": [
                        {
                            "what": "batch creation policies changed!",
                            "how": {
                                "reference": {
                                    "(activity == B) && (resource == Base profile_38) && (attributes.revenue > 86.23656)": {
                                        "true_positives": 0,
                                        "true_negatives": 1361,
                                        "false_positives": 9,
                                        "false_negatives": 0,
                                        "f1_score": 0,
                                        "classification_accuracy": 0.9934306569343065
                                    },
                                    "(resource == Base profile_6) && (activity == B)": {
                                        "true_positives": 0,
                                        "true_negatives": 1368,
                                        "false_positives": 2,
                                        "false_negatives": 0,
                                        "f1_score": 0,
                                        "classification_accuracy": 0.9985401459854014
                                    },
                                    "(resource == Base profile_38) && (activity == B)": {
                                        "true_positives": 0,
                                        "true_negatives": 1361,
                                        "false_positives": 9,
                                        "false_negatives": 0,
                                        "f1_score": 0,
                                        "classification_accuracy": 0.9934306569343065
                                    },
                                    "(resource == Base profile_6) && (attributes.tier == REGULAR) && (activity == B)": {
                                        "true_positives": 0,
                                        "true_negatives": 1369,
                                        "false_positives": 1,
                                        "false_negatives": 0,
                                        "f1_score": 0,
                                        "classification_accuracy": 0.9992700729927008
                                    }
                                },
                                "running": {
                                    "(activity == B) && (resource == Base profile_38) && (attributes.revenue > 86.23656)": {
                                        "true_positives": 19,
                                        "true_negatives": 1253,
                                        "false_positives": 1,
                                        "false_negatives": 126,
                                        "f1_score": 0.23030303030303031,
                                        "classification_accuracy": 0.9092208720514653
                                    },
                                    "(resource == Base profile_6) && (activity == B)": {
                                        "true_positives": 15,
                                        "true_negatives": 1252,
                                        "false_positives": 2,
                                        "false_negatives": 130,
                                        "f1_score": 0.1851851851851852,
                                        "classification_accuracy": 0.9056468906361687
                                    },
                                    "(resource == Base profile_38) && (activity == B)": {
                                        "true_positives": 20,
                                        "true_negatives": 1252,
                                        "false_positives": 2,
                                        "false_negatives": 125,
                                        "f1_score": 0.23952095808383234,
                                        "classification_accuracy": 0.9092208720514653
                                    },
                                    "(resource == Base profile_6) && (attributes.tier == REGULAR) && (activity == B)": {
                                        "true_positives": 14,
                                        "true_negatives": 1253,
                                        "false_positives": 1,
                                        "false_negatives": 131,
                                        "f1_score": 0.175,
                                        "classification_accuracy": 0.9056468906361687
                                    }
                                }
                            },
                            "causes": []
                        },
                        {
                            "what": "batch firing policies for '(activity == B) && (resource == Base profile_38) && (attributes.revenue > 86.23656)' changed!",
                            "how": {
                                "reference": {
                                    "time_since_first > 1992.74469": {
                                        "true_positives": 0,
                                        "true_negatives": 0,
                                        "false_positives": 0,
                                        "false_negatives": 0,