{
    "what": "cycle time changed!",
    "how": {
        "reference": {
            "nobs": 2779,
            "minmax": [
                415.246214,
                788.311134
            ],
            "mean": 601.1639833494063,
            "variance": 3651.6936020711323,
            "skewness": -0.006605017515270631,
            "kurtosis": -0.14345083632970024
        },
        "running": {
            "nobs": 2774,
            "minmax": [
                412.434438,
                1765.579457
            ],
            "mean": 909.8504798385004,
            "variance": 78773.11654424222,
            "skewness": 0.4627432768546679,
            "kurtosis": -0.6663998686832677
        }
    },
    "causes": [
        {
            "what": "waiting time changed!",
            "how": {
                "reference": {
                    "nobs": 2779,
                    "minmax": [
                        0.0,
                        0.0
                    ],
                    "mean": 0.0,
                    "variance": 0.0,
                    "skewness": NaN,
                    "kurtosis": NaN
                },
                "running": {
                    "nobs": 2774,
                    "minmax": [
                        0.0,
                        1171.449565
                    ],
                    "mean": 310.3309748262437,
                    "variance": 75975.2750780801,
                    "skewness": 0.509760574765679,
                    "kurtosis": -0.7146822655089178
                }
            },
            "causes": [
                {
                    "what": "waiting time due to batching changed!",
                    "how": {
                        "reference": {
                            "nobs": 2779,
                            "minmax": [
                                0.0,
                                0.0
                            ],
                            "mean": 0.0,
                            "variance": 0.0,
                            "skewness": NaN,
                            "kurtosis": NaN
                        },
                        "running": {
                            "nobs": 2774,
                            "minmax": [
                                0.0,
                                973.569605
                            ],
                            "mean": 17.861261825883197,
                            "variance": 10538.981454923014,
                            "skewness": 6.007171121904158,
                            "kurtosis": 36.604628316436035
                        }
                    },
                    "causes": []
                },
                {
                    "what": "waiting time due to resource contention changed!",
                    "how": {
                        "reference": {
                            "nobs": 2779,
                            "minmax": [
                                0.0,
                                0.0
                            ],
                            "mean": 0.0,
                            "variance": 0.0,
                            "skewness": NaN,
                            "kurtosis": NaN
                        },
                        "running": {
                            "nobs": 2774,
                            "minmax": [
                                0.0,
                                1171.449565
                            ],
                            "mean": 292.4697130003605,
                            "variance": 72425.73614933401,
                            "skewness": 0.5923812061984216,
                            "kurtosis": -0.5765561056339754
                        }
                    },
                    "causes": []
                }
            ]
        }
    ]
}