{
    "what": "cycle time changed!",
    "how": {
        "reference": {
            "nobs": 2769,
            "minmax": [
                431.337238,
                1881.466902
            ],
            "mean": 998.0644761061756,
            "variance": 84162.11974135954,
            "skewness": 0.19269724223581938,
            "kurtosis": -0.6708809794774786
        },
        "running": {
            "nobs": 2744,
            "minmax": [
                413.326137,
                1816.633431
            ],
            "mean": 883.7485366038629,
            "variance": 77860.73870739971,
            "skewness": 0.6724671320206177,
            "kurtosis": -0.3104785306568836
        }
    },
    "causes": [
        {
            "what": "waiting time changed!",
            "how": {
                "reference": {
                    "nobs": 2769,
                    "minmax": [
                        0.0,
                        1198.051684
                    ],
                    "mean": 397.2959520704225,
                    "variance": 81479.91971560994,
                    "skewness": 0.23895970884971887,
                    "kurtosis": -0.6981397928669897
                },
                "running": {
                    "nobs": 2744,
                    "minmax": [
                        0.0,
                        1224.757879
                    ],
                    "mean": 285.7711539478863,
                    "variance": 74590.01006850091,
                    "skewness": 0.7098967827948807,
                    "kurtosis": -0.3578692983900469
                }
            },
            "causes": [
                {
                    "what": "waiting time due to resource contention changed!",
                    "how": {
                        "reference": {
                            "nobs": 2769,
                            "minmax": [
                                0.0,
                                1198.051684
                            ],
                            "mean": 370.2554084445648,
                            "variance": 79625.28876557092,
                            "skewness": 0.33673955016771584,
                            "kurtosis": -0.6363434550837508
                        },
                        "running": {
                            "nobs": 2744,
                            "minmax": [
                                0.0,
                                1224.757879
                            ],
                            "mean": 267.3491847456268,
                            "variance": 69213.10117030454,
                            "skewness": 0.7806498231228783,
                            "kurtosis": -0.18609979115418707
                        }
                    },
                    "causes": []
                }
            ]
        }
    ]
}