{
    "what": "cycle time changed!",
    "how": {
        "reference": {
            "nobs": 1358,
            "minmax": [
                462.798544,
                1647.610242
            ],
            "mean": 851.6911764145802,
            "variance": 45224.38161783045,
            "skewness": 0.4544449288260366,
            "kurtosis": -0.3554597788673135
        },
        "running": {
            "nobs": 1374,
            "minmax": [
                444.07022,
                1703.493434
            ],
            "mean": 947.8060946324599,
            "variance": 86746.17699983902,
            "skewness": 0.34473428453042837,
            "kurtosis": -0.9623603931041163
        }
    },
    "causes": [
        {
            "what": "waiting time changed!",
            "how": {
                "reference": {
                    "nobs": 1358,
                    "minmax": [
                        0.0,
                        995.976258
                    ],
                    "mean": 250.03725133652432,
                    "variance": 41782.80354998703,
                    "skewness": 0.4772345865100307,
                    "kurtosis": -0.4815671026939605
                },
                "running": {
                    "nobs": 1374,
                    "minmax": [
                        0.0,
                        1118.373162
                    ],
                    "mean": 346.5286557154294,
                    "variance": 83559.62090665774,
                    "skewness": 0.3720154346149448,
                    "kurtosis": -1.003985250966805
                }
            },
            "causes": []
        }
    ]
}