{
    "what": "cycle time changed!",
    "how": {
        "reference": {
            "nobs": 1374,
            "minmax": [
                403.438409,
                1792.136234
            ],
            "mean": 966.0944599672489,
            "variance": 89427.04444944943,
            "skewness": 0.3054316873026622,
            "kurtosis": -0.7976235801629641
        },
        "running": {
            "nobs": 1372,
            "minmax": [
                458.148594,
                1816.633431
            ],
            "mean": 896.0918726727406,
            "variance": 87390.49358019435,
            "skewness": 0.6947306074552834,
            "kurtosis": -0.3701932705123898
        }
    },
    "causes": [
        {
            "what": "waiting time changed!",
            "how": {
                "reference": {
                    "nobs": 1374,
                    "minmax": [
                        0.0,
                        1187.34008
                    ],
                    "mean": 364.98903636535664,
                    "variance": 87647.27580662275,
                    "skewness": 0.36500185737609364,
                    "kurtosis": -0.8124062241004548
                },
                "running": {
                    "nobs": 1372,
                    "minmax": [
                        0.0,
                        1224.757879
                    ],
                    "mean": 298.1651044263848,
                    "variance": 84297.37209304117,
                    "skewness": 0.7430489238577611,
                    "kurtosis": -0.3880530744181687
                }
            },
            "causes": [
                {
                    "what": "waiting time due to resource contention changed!",
                    "how": {
                        "reference": {
                            "nobs": 1374,
                            "minmax": [
                                0.0,
                                1187.34008
                            ],
                            "mean": 336.7673903355167,
                            "variance": 82690.43125274286,
                            "skewness": 0.47225322471057496,
                            "kurtosis": -0.6912130865864334
                        },
                        "running": {
                            "nobs": 1372,
                            "minmax": [
                                0.0,
                                1224.757879
                            ],
                            "mean": 273.7596106683674,
                            "variance": 76145.02798167369,
                            "skewness": 0.8494345451392697,
                            "kurtosis": -0.10548134561369737
                        }
                    },
                    "causes": []
                }
            ]
        }
    ]
}