{
    "what": "cycle time changed!",
    "how": {
        "reference": {
            "nobs": 1344,
            "minmax": [
                413.326137,
                1899.046589
            ],
            "mean": 857.3938094181549,
            "variance": 71790.8763723658,
            "skewness": 0.7971981981088515,
            "kurtosis": 0.03362456097112787
        },
        "running": {
            "nobs": 1380,
            "minmax": [
                420.817417,
                2543.475143
            ],
            "mean": 946.9324023123189,
            "variance": 141122.05192119273,
            "skewness": 1.4592778812782479,
            "kurtosis": 2.2572057827869294
        }
    },
    "causes": [
        {
            "what": "waiting time changed!",
            "how": {
                "reference": {
                    "nobs": 1344,
                    "minmax": [
                        0.0,
                        1126.891704
                    ],
                    "mean": 256.86026947619047,
                    "variance": 67497.05282461457,
                    "skewness": 0.8030426320218343,
                    "kurtosis": -0.1583841032796336
                },
                "running": {
                    "nobs": 1380,
                    "minmax": [
                        0.0,
                        1954.431149
                    ],
                    "mean": 346.91347574202905,
                    "variance": 138677.95788404156,
                    "skewness": 1.5056603609348866,
                    "kurtosis": 2.3883685433541055
                }
            },
            "causes": [
                {
                    "what": "waiting time due to batching changed!",
                    "how": {
                        "reference": {
                            "nobs": 1344,
                            "minmax": [
                                0.0,
                                891.518964
                            ],
                            "mean": 5.305486225446428,
                            "variance": 3083.040482308311,
                            "skewness": 11.011047951354696,
                            "kurtosis": 126.51814576977833
                        },
                        "running": {
                            "nobs": 1380,
                            "minmax": [
                                0.0,
                                1582.278754
                            ],
                            "mean": 24.644867744927534,
                            "variance": 16878.17234572574,
                            "skewness": 5.914779984500754,
                            "kurtosis": 39.48118995395072
                        }
                    },
                    "causes": []
                },
                {
                    "what": "waiting time due to resource contention changed!",
                    "how": {
                        "reference": {
                            "nobs": 1344,
                            "minmax": [
                                0.0,
                                1126.891704
                            ],
                            "mean": 251.55478325074407,
                            "variance": 66307.17764535116,
                            "skewness": 0.8361919838463119,
                            "kurtosis": -0.07524908998813906
                        },
                        "running": {
                            "nobs": 1380,
                            "minmax": [
                                0.0,
                                1954.431149
                            ],
                            "mean": 322.26860799710147,
                            "variance": 120382.89002594889,
                            "skewness": 1.5004272005904447,
                            "kurtosis": 2.535873811114092
                        }
                    },
                    "causes": []
                }
            ]
        }
    ]
}