{
    "what": "cycle time changed!",
    "how": {
        "reference": {
            "nobs": 1365,
            "minmax": [
                373.483417,
                1675.595186
            ],
            "mean": 894.9742998520147,
            "variance": 63873.54926112452,
            "skewness": 0.45917617776763825,
            "kurtosis": -0.536002321340967
        },
        "running": {
            "nobs": 1385,
            "minmax": [
                430.896038,
                1832.730079
            ],
            "mean": 924.5566581220216,
            "variance": 88168.34835874036,
            "skewness": 0.5855014502196767,
            "kurtosis": -0.5085939579363683
        }
    },
    "causes": [
        {
            "what": "waiting time changed!",
            "how": {
                "reference": {
                    "nobs": 1365,
                    "minmax": [
                        0.0,
                        1056.474899
                    ],
                    "mean": 296.98384319999997,
                    "variance": 60325.76151568407,
                    "skewness": 0.5044531778847644,
                    "kurtosis": -0.6030413049135595
                },
                "running": {
                    "nobs": 1385,
                    "minmax": [
                        0.0,
                        1227.932994
                    ],
                    "mean": 326.19070386498197,
                    "variance": 85570.91693391751,
                    "skewness": 0.6395303727256889,
                    "kurtosis": -0.5239008726705459
                }
            },
            "causes": [
                {
                    "what": "waiting time due to batching changed!",
                    "how": {
                        "reference": {
                            "nobs": 1365,
                            "minmax": [
                                0.0,
                                860.358443
                            ],
                            "mean": 15.659796944322345,
                            "variance": 8783.033164912846,
                            "skewness": 6.071384807950761,
                            "kurtosis": 36.17623013873448
                        },
                        "running": {
                            "nobs": 1385,
                            "minmax": [
                                0.0,
                                1020.690441
                            ],
                            "mean": 25.085759992057767,
                            "variance": 15042.092260568963,
                            "skewness": 5.032699526088852,
                            "kurtosis": 25.111218521844588
                        }
                    },
                    "causes": []
                },
                {
                    "what": "waiting time due to resource contention changed!",
                    "how": {
                        "reference": {
                            "nobs": 1365,
                            "minmax": [
                                0.0,
                                1031.760303
                            ],
                            "mean": 281.3240462556777,
                            "variance": 57289.41362283359,
                            "skewness": 0.5514065386893499,
                            "kurtosis": -0.5544441622204324
                        },
                        "running": {
                            "nobs": 1385,
                            "minmax": [
                                0.0,
                                1227.932994
                            ],
                            "mean": 301.1049438729242,
                            "variance": 78983.12482661384,
                            "skewness": 0.7378641938373217,
                            "kurtosis": -0.31710880971024835
                        }
                    },
                    "causes": []
                }
            ]
        }
    ]
}