{
    "what": "cycle time changed!",
    "how": {
        "reference": {
            "nobs": 1389,
            "minmax": [
                460.151976,
                2085.339407
            ],
            "mean": 974.5836790705545,
            "variance": 100662.24506950988,
            "skewness": 0.5831023348939627,
            "kurtosis": -0.2598107168136483
        },
        "running": {
            "nobs": 1360,
            "minmax": [
                404.119584,
                1825.79497
            ],
            "mean": 900.2865149029411,
            "variance": 86128.35396191145,
            "skewness": 0.7707100160260275,
            "kurtosis": -0.19252925699796108
        }
    },
    "causes": [
        {
            "what": "processing time changed!",
            "how": {
                "reference": {
                    "nobs": 1389,
                    "minmax": [
                        426.418488,
                        814.635505
                    ],
                    "mean": 600.793694262059,
                    "variance": 3343.1348092263015,
                    "skewness": -0.05946676852947572,
                    "kurtosis": -0.03464740449115222
                },
                "running": {
                    "nobs": 1360,
                    "minmax": [
                        379.279539,
                        782.667481
                    ],
                    "mean": 597.7931388213235,
                    "variance": 3610.7589902801556,
                    "skewness": -0.048831199336359224,
                    "kurtosis": 0.030159778692465
                }
            },
            "causes": [
                {
                    "what": "processing time with resources available changed!",
                    "how": {
                        "reference": {
                            "nobs": 1389,
                            "minmax": [
                                426.418488,
                                814.635505
                            ],
                            "mean": 600.793694262059,
                            "variance": 3343.1348092263015,
                            "skewness": -0.05946676852947572,
                            "kurtosis": -0.03464740449115222
                        },
                        "running": {
                            "nobs": 1360,
                            "minmax": [
                                379.279539,
                                782.667481
                            ],
                            "mean": 597.7931388213235,
                            "variance": 3610.7589902801556,
                            "skewness": -0.048831199336359224,
                            "kurtosis": 0.030159778692465
                        }
                    },
                    "causes": []
                }
            ]
        },
        {
            "what": "waiting time changed!",
            "how": {
                "reference": {
                    "nobs": 1389,
                    "minmax": [
                        0.0,
                        1410.620024
                    ],
                    "mean": 373.7899848084953,
                    "variance": 97185.76269983672,
                    "skewness": 0.6068100082414704,
                    "kurtosis": -0.29233097693347565
                },
                "running": {
                    "nobs": 1360,
                    "minmax": [
                        0.0,
                        1199.332164
                    ],
                    "mean": 302.49337608161767,
                    "variance": 83608.94861935727,
                    "skewness": 0.8379821434601178,
                    "kurtosis": -0.1367746420903333
                }
            },
            "causes": [
                {
                    "what": "waiting time due to resource contention changed!",
                    "how": {
                        "reference": {
                            "nobs": 1389,
                            "minmax": [
                                0.0,
                                1410.620024
                            ],
                            "mean": 346.6125434240461,
                            "variance": 92240.49653907077,
                            "skewness": 0.7292916639330287,
                            "kurtosis": -0.05097625991440635
                        },
                        "running": {
                            "nobs": 1360,
                            "minmax": [
                                0.0,
                                1199.332164
                            ],
                            "mean": 282.07800714411763,
                            "variance": 77021.98809313349,
                            "skewness": 0.9449598414562057,
                            "kurtosis": 0.18805462470157774
                        }
                    },
                    "causes": []
                }
            ]
        }
    ]
}