{
    "what": "cycle time changed!",
    "how": {
        "reference": {
            "nobs": 1362,
            "minmax": [
                442.572655,
                1989.363449
            ],
            "mean": 939.8776050778268,
            "variance": 100259.9209716391,
            "skewness": 0.7856659294532801,
            "kurtosis": 0.056051935535125885
        },
        "running": {
            "nobs": 1383,
            "minmax": [
                428.541348,
                2268.287398
            ],
            "mean": 963.9761477346348,
            "variance": 103667.54861702371,
            "skewness": 0.8474409782263702,
            "kurtosis": 0.6740248268292044
        }
    },
    "causes": [
        {
            "what": "waiting time changed!",
            "how": {
                "reference": {
                    "nobs": 1362,
                    "minmax": [
                        0.0,
                        1386.635865
                    ],
                    "mean": 340.9167961629956,
                    "variance": 97038.06499014166,
                    "skewness": 0.8220839833424718,
                    "kurtosis": 0.10534863654105209
                },
                "running": {
                    "nobs": 1383,
                    "minmax": [
                        0.0,
                        1696.814779
                    ],
                    "mean": 364.91836699276934,
                    "variance": 99911.33474148116,
                    "skewness": 0.9266689462835127,
                    "kurtosis": 0.7699459839740084
                }
            },
            "causes": [
                {
                    "what": "waiting time due to resource contention changed!",
                    "how": {
                        "reference": {
                            "nobs": 1362,
                            "minmax": [
                                0.0,
                                1362.296617
                            ],
                            "mean": 317.71564745007345,
                            "variance": 87429.17151782883,
                            "skewness": 0.8384160130450378,
                            "kurtosis": 0.17805326703559565
                        },
                        "running": {
                            "nobs": 1383,
                            "minmax": [
                                0.0,
                                1696.814779
                            ],
                            "mean": 342.063189626898,
                            "variance": 93234.96599329912,
                            "skewness": 0.9871223827419086,
                            "kurtosis": 1.0070639081775328
                        }
                    },
                    "causes": []
                }
            ]
        }
    ]
}