{
    "what": "cycle time changed!",
    "how": {
        "reference": {
            "nobs": 13361,
            "minmax": [
                390.63684,
                1340.847276
            ],
            "mean": 830.7221891619639,
            "variance": 29930.927664473467,
            "skewness": 0.21186864575736994,
            "kurtosis": -0.6769874038600769
        },
        "running": {
            "nobs": 13479,
            "minmax": [
                387.407406,
                1407.202762
            ],
            "mean": 864.911817357074,
            "variance": 40028.47953980267,
            "skewness": 0.24271804228470226,
            "kurtosis": -0.8834343515427276
        }
    },
    "causes": [
        {
            "what": "waiting time changed!",
            "how": {
                "reference": {
                    "nobs": 13361,
                    "minmax": [
                        0.0,
                        641.981528
                    ],
                    "mean": 230.6304821230447,
                    "variance": 26308.829370753938,
                    "skewness": 0.24578426794792987,
                    "kurtosis": -0.8847676179416619
                },
                "running": {
                    "nobs": 13479,
                    "minmax": [
                        0.0,
                        730.157167
                    ],
                    "mean": 265.0641004340085,
                    "variance": 36495.41383448582,
                    "skewness": 0.28747969578675087,
                    "kurtosis": -1.0559950590869878
                }
            },
            "causes": [
                {
                    "what": "waiting time due to batching changed!",
                    "how": {
                        "reference": {
                            "nobs": 13361,
                            "minmax": [
                                0.0,
                                573.713724
                            ],
                            "mean": 1.1677016867749421,
                            "variance": 575.2816924307982,
                            "skewness": 20.705499922581364,
                            "kurtosis": 430.4518828409976
                        },
                        "running": {
                            "nobs": 13479,
                            "minmax": [
                                0.0,
                                665.651283
                            ],
                            "mean": 4.660098610356851,
                            "variance": 2511.125664454617,
                            "skewness": 10.788149902149955,
                            "kurtosis": 115.74576267774957
                        }
                    },
                    "causes": []
                },
                {
                    "what": "waiting time due to resource contention changed!",
                    "how": {
                        "reference": {
                            "nobs": 13361,
                            "minmax": [
                                0.0,
                                641.981528
                            ],
                            "mean": 229.46278043626972,
                            "variance": 26210.705230913052,
                            "skewness": 0.2498331657259722,
                            "kurtosis": -0.8814366590810851
                        },
                        "running": {
                            "nobs": 13479,
                            "minmax": [
                                0.0,
                                730.157167
                            ],
                            "mean": 260.4040018236516,
                            "variance": 36061.053713997266,
                            "skewness": 0.30835897131389367,
                            "kurtosis": -1.0369798853653764
                        }
                    },
                    "causes": []
                }
            ]
        }
    ]
}