{
    "what": "cycle time changed!",
    "how": {
        "reference": {
            "nobs": 1395,
            "minmax": [
                415.246214,
                788.311134
            ],
            "mean": 600.8827145956989,
            "variance": 3647.7077530803735,
            "skewness": -0.018066640898863454,
            "kurtosis": -0.15847937415791646
        },
        "running": {
            "nobs": 1390,
            "minmax": [
                412.434438,
                1765.579457
            ],
            "mean": 987.4203575115108,
            "variance": 82561.28674733888,
            "skewness": 0.1919357397757782,
            "kurtosis": -0.7417001512597352
        }
    },
    "causes": [
        {
            "what": "waiting time changed!",
            "how": {
                "reference": {
                    "nobs": 1395,
                    "minmax": [
                        0.0,
                        0.0
                    ],
                    "mean": 0.0,
                    "variance": 0.0,
                    "skewness": NaN,
                    "kurtosis": NaN
                },
                "running": {
                    "nobs": 1390,
                    "minmax": [
                        0.0,
                        1171.449565
                    ],
                    "mean": 388.08206887841726,
                    "variance": 79738.47735731202,
                    "skewness": 0.19544828426309488,
                    "kurtosis": -0.8092772007409623
                }
            },
            "causes": [
                {
                    "what": "waiting time due to batching changed!",
                    "how": {
                        "reference": {
                            "nobs": 1395,
                            "minmax": [
                                0.0,
                                0.0
                            ],
                            "mean": 0.0,
                            "variance": 0.0,
                            "skewness": NaN,
                            "kurtosis": NaN
                        },
                        "running": {
                            "nobs": 1390,
                            "minmax": [
                                0.0,
                                973.569605
                            ],
                            "mean": 22.6242536942446,
                            "variance": 12672.880294555061,
                            "skewness": 5.0897264393426305,
                            "kurtosis": 25.459148791209017
                        }
                    },
                    "causes": []
                },
                {
                    "what": "waiting time due to resource contention changed!",
                    "how": {
                        "reference": {
                            "nobs": 1395,
                            "minmax": [
                                0.0,
                                0.0
                            ],
                            "mean": 0.0,
                            "variance": 0.0,
                            "skewness": NaN,
                            "kurtosis": NaN
                        },
                        "running": {
                            "nobs": 1390,
                            "minmax": [
                                0.0,
                                1171.449565
                            ],
                            "mean": 365.45781518417266,
                            "variance": 78428.35275087156,
                            "skewness": 0.29560160120590634,
                            "kurtosis": -0.7450895082870912
                        }
                    },
                    "causes": []
                }
            ]
        }
    ]
}