{
    "what": "cycle time changed!",
    "how": {
        "reference": {
            "nobs": 2757,
            "minmax": [
                439.577946,
                2362.706474
            ],
            "mean": 957.96092462967,
            "variance": 108870.25713960464,
            "skewness": 0.9649672574811077,
            "kurtosis": 1.1019146111617628
        },
        "running": {
            "nobs": 2733,
            "minmax": [
                438.85569,
                1881.443669
            ],
            "mean": 922.9486609045007,
            "variance": 81082.52637199707,
            "skewness": 0.5375043308431398,
            "kurtosis": -0.42728014751119847
        }
    },
    "causes": [
        {
            "what": "waiting time changed!",
            "how": {
                "reference": {
                    "nobs": 2757,
                    "minmax": [
                        0.0,
                        1754.847218
                    ],
                    "mean": 357.55200406565103,
                    "variance": 104160.06648167109,
                    "skewness": 1.0146467767675516,
                    "kurtosis": 1.1677082856840846
                },
                "running": {
                    "nobs": 2733,
                    "minmax": [
                        0.0,
                        1217.431409
                    ],
                    "mean": 325.55689184998175,
                    "variance": 77504.23110012113,
                    "skewness": 0.5691905870134714,
                    "kurtosis": -0.4633934370065971
                }
            },
            "causes": [
                {
                    "what": "waiting time due to resource contention changed!",
                    "how": {
                        "reference": {
                            "nobs": 2757,
                            "minmax": [
                                0.0,
                                1754.847218
                            ],
                            "mean": 333.1282242959739,
                            "variance": 96889.29846877254,
                            "skewness": 1.0882692257558586,
                            "kurtosis": 1.4417605127241204
                        },
                        "running": {
                            "nobs": 2733,
                            "minmax": [
                                0.0,
                                1217.431409
                            ],
                            "mean": 305.7813314716429,
                            "variance": 73009.02713015926,
                            "skewness": 0.6431120070259838,
                            "kurtosis": -0.3346226115245168
                        }
                    },
                    "causes": []
                },
                {
                    "what": "waiting time due to extraneous delays changed!",
                    "how": {
                        "reference": {
                            "nobs": 2757,
                            "minmax": [
                                0.0,
                                0.0
                            ],
                            "mean": 0.0,
                            "variance": 0.0,
                            "skewness": NaN,
                            "kurtosis": NaN
                        },
                        "running": {
                            "nobs": 2733,
                            "minmax": [
                                0.0,
                                545.371041
                            ],
                            "mean": 0.19955032601536773,
                            "variance": 108.82896903089046,
                            "skewness": 52.24940541319308,
                            "kurtosis": 2728.00036603221
                        }
                    },
                    "causes": []
                }
            ]
        }
    ]
}