{
    "what": "cycle time changed!",
    "how": {
        "reference": {
            "nobs": 2744,
            "minmax": [
                373.483417,
                2268.287398
            ],
            "mean": 911.428905066691,
            "variance": 79085.16251356778,
            "skewness": 0.9241413649820753,
            "kurtosis": 1.2129294227007428
        },
        "running": {
            "nobs": 2748,
            "minmax": [
                373.483417,
                2504.820607
            ],
            "mean": 929.4341406222708,
            "variance": 111384.05597233777,
            "skewness": 1.5669765713546442,
            "kurtosis": 3.490648276497552
        }
    },
    "causes": [
        {
            "what": "waiting time changed!",
            "how": {
                "reference": {
                    "nobs": 2744,
                    "minmax": [
                        0.0,
                        1696.814779
                    ],
                    "mean": 312.95765744424193,
                    "variance": 75776.17304188434,
                    "skewness": 1.0066256758144712,
                    "kurtosis": 1.3606663536116672
                },
                "running": {
                    "nobs": 2748,
                    "minmax": [
                        0.0,
                        1947.17055
                    ],
                    "mean": 330.99048300000004,
                    "variance": 107074.4946727681,
                    "skewness": 1.634234162185411,
                    "kurtosis": 3.678205735032728
                }
            },
            "causes": []
        }
    ]
}