{
    "what": "cycle time changed!",
    "how": {
        "reference": {
            "nobs": 2744,
            "minmax": [
                413.326137,
                1816.633431
            ],
            "mean": 883.7485366038629,
            "variance": 77860.73870739971,
            "skewness": 0.6724671320206177,
            "kurtosis": -0.3104785306568836
        },
        "running": {
            "nobs": 2742,
            "minmax": [
                430.469858,
                2270.9294
            ],
            "mean": 917.5152252140773,
            "variance": 105766.620750364,
            "skewness": 1.157109079800751,
            "kurtosis": 1.4290227645194875
        }
    },
    "causes": [
        {
            "what": "waiting time changed!",
            "how": {
                "reference": {
                    "nobs": 2744,
                    "minmax": [
                        0.0,
                        1224.757879
                    ],
                    "mean": 285.7711539478863,
                    "variance": 74590.01006850091,
                    "skewness": 0.7098967827948807,
                    "kurtosis": -0.3578692983900469
                },
                "running": {
                    "nobs": 2742,
                    "minmax": [
                        0.0,
                        1658.213386
                    ],
                    "mean": 316.1167902184537,
                    "variance": 101910.77434547414,
                    "skewness": 1.1983201868073194,
                    "kurtosis": 1.5007567144548544
                }
            },
            "causes": [
                {
                    "what": "waiting time due to resource contention changed!",
                    "how": {
                        "reference": {
                            "nobs": 2744,
                            "minmax": [
                                0.0,
                                1224.757879
                            ],
                            "mean": 267.3491847456268,
                            "variance": 69213.10117030454,
                            "skewness": 0.7806498231228783,
                            "kurtosis": -0.18609979115418707
                        },
                        "running": {
                            "nobs": 2742,
                            "minmax": [
                                0.0,
                                1658.213386
                            ],
                            "mean": 296.09258352625824,
                            "variance": 90658.94007666517,
                            "skewness": 1.1754271335410438,
                            "kurtosis": 1.4800894959797555
                        }
                    },
                    "causes": []
                }
            ]
        }
    ]
}