{
    "what": "cycle time changed!",
    "how": {
        "reference": {
            "nobs": 2744,
            "minmax": [
                420.817417,
                2543.475143
            ],
            "mean": 895.0237514405977,
            "variance": 98915.33624555888,
            "skewness": 1.5804099637766775,
            "kurtosis": 3.6529106115498875
        },
        "running": {
            "nobs": 2728,
            "minmax": [
                375.641603,
                1985.73323
            ],
            "mean": 918.8389435795456,
            "variance": 82097.9826703568,
            "skewness": 0.5809755762316807,
            "kurtosis": -0.29019245193604304
        }
    },
    "causes": [
        {
            "what": "waiting time changed!",
            "how": {
                "reference": {
                    "nobs": 2744,
                    "minmax": [
                        0.0,
                        1954.431149
                    ],
                    "mean": 294.8795115568513,
                    "variance": 95295.65148689804,
                    "skewness": 1.6722058824898802,
                    "kurtosis": 4.034405450183332
                },
                "running": {
                    "nobs": 2728,
                    "minmax": [
                        0.0,
                        1303.023269
                    ],
                    "mean": 319.35144994978003,
                    "variance": 77724.92931949248,
                    "skewness": 0.6306817525537752,
                    "kurtosis": -0.2846987625750188
                }
            },
            "causes": [
                {
                    "what": "waiting time due to resource contention changed!",
                    "how": {
                        "reference": {
                            "nobs": 2744,
                            "minmax": [
                                0.0,
                                1954.431149
                            ],
                            "mean": 279.558950460277,
                            "variance": 84952.46505650868,
                            "skewness": 1.5895114398884034,
                            "kurtosis": 3.7760502717085194
                        },
                        "running": {
                            "nobs": 2728,
                            "minmax": [
                                0.0,
                                1303.023269
                            ],
                            "mean": 300.26910951906154,
                            "variance": 73906.46169496523,
                            "skewness": 0.7237510258379042,
                            "kurtosis": -0.08755535218324262
                        }
                    },
                    "causes": []
                },
                {
                    "what": "waiting time due to extraneous delays changed!",
                    "how": {
                        "reference": {
                            "nobs": 2744,
                            "minmax": [
                                0.0,
                                0.0
                            ],
                            "mean": 0.0,
                            "variance": 0.0,
                            "skewness": NaN,
                            "kurtosis": NaN
                        },
                        "running": {
                            "nobs": 2728,
                            "minmax": [
                                0.0,
                                464.214331
                            ],
                            "mean": 0.1701665436217009,
                            "variance": 78.9937482059302,
                            "skewness": 52.201536056933584,
                            "kurtosis": 2723.000366703337
                        }
                    },
                    "causes": []
                }
            ]
        }
    ]
}