{
    "what": "cycle time changed!",
    "how": {
        "reference": {
            "nobs": 2754,
            "minmax": [
                405.043608,
                789.008769
            ],
            "mean": 601.1868392806826,
            "variance": 3564.534786965864,
            "skewness": 0.001910109640816924,
            "kurtosis": -0.19022582608841487
        },
        "running": {
            "nobs": 2773,
            "minmax": [
                396.752285,
                67477.499184
            ],
            "mean": 928.3217187338622,
            "variance": 15856796.827935671,
            "skewness": 16.32856051316173,
            "kurtosis": 267.1300287091523
        }
    },
    "causes": [
        {
            "what": "waiting time changed!",
            "how": {
                "reference": {
                    "nobs": 2754,
                    "minmax": [
                        0.0,
                        0.0
                    ],
                    "mean": 0.0,
                    "variance": 0.0,
                    "skewness": NaN,
                    "kurtosis": NaN
                },
                "running": {
                    "nobs": 2773,
                    "minmax": [
                        0.0,
                        66813.363388
                    ],
                    "mean": 326.77110195492247,
                    "variance": 15854137.92762956,
                    "skewness": 16.333694712302588,
                    "kurtosis": 267.23917444452553
                }
            },
            "causes": [
                {
                    "what": "waiting time due to batching changed!",
                    "how": {
                        "reference": {
                            "nobs": 2754,
                            "minmax": [
                                0.0,
                                0.0
                            ],
                            "mean": 0.0,
                            "variance": 0.0,
                            "skewness": NaN,
                            "kurtosis": NaN
                        },
                        "running": {
                            "nobs": 2773,
                            "minmax": [
                                0.0,
                                66813.363388
                            ],
                            "mean": 326.77110195492247,
                            "variance": 15854137.92762956,
                            "skewness": 16.333694712302588,
                            "kurtosis": 267.23917444452553
                        }
                    },
                    "causes": []
                }
            ]
        }
    ]
}