{
    "what": "cycle time changed!",
    "how": {
        "reference": {
            "nobs": 2739,
            "minmax": [
                435.21676,
                1985.73323
            ],
            "mean": 902.7222512771084,
            "variance": 73480.72135232046,
            "skewness": 0.674399954575486,
            "kurtosis": 0.06152201370366983
        },
        "running": {
            "nobs": 2762,
            "minmax": [
                439.310068,
                2085.339407
            ],
            "mean": 928.8667443624186,
            "variance": 88356.22247691329,
            "skewness": 0.6994608046463935,
            "kurtosis": -0.06111724074653413
        }
    },
    "causes": [
        {
            "what": "waiting time changed!",
            "how": {
                "reference": {
                    "nobs": 2739,
                    "minmax": [
                        0.0,
                        1303.023269
                    ],
                    "mean": 303.319765732019,
                    "variance": 70134.87942126307,
                    "skewness": 0.7085530057168098,
                    "kurtosis": 0.02516662507064238
                },
                "running": {
                    "nobs": 2762,
                    "minmax": [
                        0.0,
                        1410.620024
                    ],
                    "mean": 327.7980966129616,
                    "variance": 85197.44509170602,
                    "skewness": 0.7392882408378095,
                    "kurtosis": -0.0670941194816792
                }
            },
            "causes": [
                {
                    "what": "waiting time due to batching changed!",
                    "how": {
                        "reference": {
                            "nobs": 2739,
                            "minmax": [
                                0.0,
                                863.314846
                            ],
                            "mean": 15.010395111354509,
                            "variance": 8629.129105981225,
                            "skewness": 6.276604090404361,
                            "kurtosis": 38.77540660729889
                        },
                        "running": {
                            "nobs": 2762,
                            "minmax": [
                                0.0,
                                1234.509974
                            ],
                            "mean": 20.808729070601014,
                            "variance": 12442.179531683321,
                            "skewness": 5.554938553184487,
                            "kurtosis": 31.542801757411667
                        }
                    },
                    "causes": []
                },
                {
                    "what": "waiting time due to resource contention changed!",
                    "how": {
                        "reference": {
                            "nobs": 2739,
                            "minmax": [
                                0.0,
                                1303.023269
                            ],
                            "mean": 288.3093706206645,
                            "variance": 66340.31375506874,
                            "skewness": 0.7651160631725004,
                            "kurtosis": 0.19258235079635977
                        },
                        "running": {
                            "nobs": 2762,
                            "minmax": [
                                0.0,
                                1410.620024
                            ],
                            "mean": 306.9893675423606,
                            "variance": 80124.58500115295,
                            "skewness": 0.8306284018965161,
                            "kurtosis": 0.15159661656175683
                        }
                    },
                    "causes": []
                }
            ]
        }
    ]
}