{
    "what": "cycle time changed!",
    "how": {
        "reference": {
            "nobs": 2753,
            "minmax": [
                441.032185,
                1808.148332
            ],
            "mean": 923.8382874300762,
            "variance": 80944.91352048455,
            "skewness": 0.5468971700436064,
            "kurtosis": -0.49606169679967405
        },
        "running": {
            "nobs": 2714,
            "minmax": [
                431.059884,
                1766.461822
            ],
            "mean": 849.1780459848933,
            "variance": 61033.1895914855,
            "skewness": 0.7357801346695911,
            "kurtosis": -0.049227635689235605
        }
    },
    "causes": [
        {
            "what": "waiting time changed!",
            "how": {
                "reference": {
                    "nobs": 2753,
                    "minmax": [
                        0.0,
                        1241.166514
                    ],
                    "mean": 323.59658226443884,
                    "variance": 77764.51037747106,
                    "skewness": 0.5771911232325976,
                    "kurtosis": -0.5262190486232097
                },
                "running": {
                    "nobs": 2714,
                    "minmax": [
                        0.0,
                        1129.995803
                    ],
                    "mean": 249.26231352505528,
                    "variance": 56525.00714438079,
                    "skewness": 0.8033713444830377,
                    "kurtosis": -0.04824343402445397
                }
            },
            "causes": [
                {
                    "what": "waiting time due to batching changed!",
                    "how": {
                        "reference": {
                            "nobs": 2753,
                            "minmax": [
                                0.0,
                                1072.173754
                            ],
                            "mean": 22.817010660007266,
                            "variance": 13238.104379655479,
                            "skewness": 5.085777395550081,
                            "kurtosis": 25.20368585434361
                        },
                        "running": {
                            "nobs": 2714,
                            "minmax": [
                                0.0,
                                915.67655
                            ],
                            "mean": 11.611556264554164,
                            "variance": 6720.377825360696,
                            "skewness": 7.258181026310583,
                            "kurtosis": 52.90807443932785
                        }
                    },
                    "causes": []
                },
                {
                    "what": "waiting time due to resource contention changed!",
                    "how": {
                        "reference": {
                            "nobs": 2753,
                            "minmax": [
                                0.0,
                                1241.166514
                            ],
                            "mean": 300.77957160443157,
                            "variance": 72594.5975456188,
                            "skewness": 0.6762008237791813,
                            "kurtosis": -0.3236300787222266
                        },
                        "running": {
                            "nobs": 2714,
                            "minmax": [
                                0.0,
                                1129.995803
                            ],
                            "mean": 237.65075726050114,
                            "variance": 53492.28503258055,
                            "skewness": 0.8443818542363278,
                            "kurtosis": 0.054174979915600385
                        }
                    },
                    "causes": []
                }
            ]
        }
    ]
}