{
    "what": "cycle time changed!",
    "how": {
        "reference": {
            "nobs": 2755,
            "minmax": [
                373.483417,
                2504.820607
            ],
            "mean": 940.4252846079855,
            "variance": 122541.08749614887,
            "skewness": 1.487550339706346,
            "kurtosis": 2.7727456879979986
        },
        "running": {
            "nobs": 2743,
            "minmax": [
                430.896038,
                1832.730079
            ],
            "mean": 888.482533383157,
            "variance": 68211.17194512358,
            "skewness": 0.6872544209941467,
            "kurtosis": -0.03895417550285751
        }
    },
    "causes": [
        {
            "what": "waiting time changed!",
            "how": {
                "reference": {
                    "nobs": 2755,
                    "minmax": [
                        0.0,
                        1947.17055
                    ],
                    "mean": 341.03427478548093,
                    "variance": 118307.71701364523,
                    "skewness": 1.540793738147792,
                    "kurtosis": 2.901622167405021
                },
                "running": {
                    "nobs": 2743,
                    "minmax": [
                        0.0,
                        1227.932994
                    ],
                    "mean": 288.48877585417426,
                    "variance": 65319.44976407823,
                    "skewness": 0.7544396784841273,
                    "kurtosis": -0.0033379071657617665
                }
            },
            "causes": [
                {
                    "what": "waiting time due to resource contention changed!",
                    "how": {
                        "reference": {
                            "nobs": 2755,
                            "minmax": [
                                0.0,
                                1947.17055
                            ],
                            "mean": 323.54877530090744,
                            "variance": 110602.66328690836,
                            "skewness": 1.6056827053633154,
                            "kurtosis": 3.3004472573826087
                        },
                        "running": {
                            "nobs": 2743,
                            "minmax": [
                                0.0,
                                1227.932994
                            ],
                            "mean": 271.97538857127233,
                            "variance": 60759.871286802096,
                            "skewness": 0.7975338035286281,
                            "kurtosis": 0.12149187401649142
                        }
                    },
                    "causes": []
                }
            ]
        }
    ]
}