{
    "what": "cycle time changed!",
    "how": {
        "reference": {
            "nobs": 2722,
            "minmax": [
                404.119584,
                1861.727718
            ],
            "mean": 907.1476136858927,
            "variance": 82421.89441850325,
            "skewness": 0.6458645710034115,
            "kurtosis": -0.3781975799642683
        },
        "running": {
            "nobs": 2764,
            "minmax": [
                451.557824,
                2362.706474
            ],
            "mean": 966.9777371834299,
            "variance": 112540.52723575984,
            "skewness": 0.8781350394899814,
            "kurtosis": 0.7965635149634487
        }
    },
    "causes": [
        {
            "what": "waiting time changed!",
            "how": {
                "reference": {
                    "nobs": 2722,
                    "minmax": [
                        0.0,
                        1199.332164
                    ],
                    "mean": 306.59492301947097,
                    "variance": 79273.78151669005,
                    "skewness": 0.6808914667479253,
                    "kurtosis": -0.3843318520558814
                },
                "running": {
                    "nobs": 2764,
                    "minmax": [
                        0.0,
                        1754.847218
                    ],
                    "mean": 366.5424188162084,
                    "variance": 107862.06785805727,
                    "skewness": 0.9209126075813499,
                    "kurtosis": 0.8386885409833935
                }
            },
            "causes": [
                {
                    "what": "waiting time due to batching changed!",
                    "how": {
                        "reference": {
                            "nobs": 2722,
                            "minmax": [
                                0.0,
                                944.352793
                            ],
                            "mean": 18.45219324283615,
                            "variance": 10667.608280729044,
                            "skewness": 5.648405803988394,
                            "kurtosis": 31.12505653560138
                        },
                        "running": {
                            "nobs": 2764,
                            "minmax": [
                                0.0,
                                1273.755131
                            ],
                            "mean": 26.44888606910275,
                            "variance": 16239.03795410983,
                            "skewness": 5.0661123879969105,
                            "kurtosis": 26.87241702529305
                        }
                    },
                    "causes": []
                },
                {
                    "what": "waiting time due to resource contention changed!",
                    "how": {
                        "reference": {
                            "nobs": 2722,
                            "minmax": [
                                0.0,
                                1199.332164
                            ],
                            "mean": 288.14272977663484,
                            "variance": 74769.27478252791,
                            "skewness": 0.7712435485630114,
                            "kurtosis": -0.17656075568612506
                        },
                        "running": {
                            "nobs": 2764,
                            "minmax": [
                                0.0,
                                1754.847218
                            ],
                            "mean": 340.0935327471056,
                            "variance": 100623.05655451516,
                            "skewness": 1.0065195981965758,
                            "kurtosis": 1.0981000115743962
                        }
                    },
                    "causes": []
                }
            ]
        }
    ]
}