{
    "what": "cycle time changed!",
    "how": {
        "reference": {
            "nobs": 2736,
            "minmax": [
                423.10019,
                2033.848847
            ],
            "mean": 906.4544190135233,
            "variance": 81762.34861662186,
            "skewness": 0.7187318306027015,
            "kurtosis": -0.00027516590838239097
        },
        "running": {
            "nobs": 2761,
            "minmax": [
                428.541348,
                2268.287398
            ],
            "mean": 967.137753351322,
            "variance": 92684.66024124638,
            "skewness": 0.6781077423561763,
            "kurtosis": 0.34988865843810757
        }
    },
    "causes": [
        {
            "what": "waiting time changed!",
            "how": {
                "reference": {
                    "nobs": 2736,
                    "minmax": [
                        0.0,
                        1379.177833
                    ],
                    "mean": 306.77447619298243,
                    "variance": 79551.5073917982,
                    "skewness": 0.7723575438307221,
                    "kurtosis": -0.0022552092154466408
                },
                "running": {
                    "nobs": 2761,
                    "minmax": [
                        0.0,
                        1696.814779
                    ],
                    "mean": 366.90977845997827,
                    "variance": 89045.29784714406,
                    "skewness": 0.7467632412925422,
                    "kurtosis": 0.4306386081749425
                }
            },
            "causes": [
                {
                    "what": "waiting time due to resource contention changed!",
                    "how": {
                        "reference": {
                            "nobs": 2736,
                            "minmax": [
                                0.0,
                                1379.177833
                            ],
                            "mean": 289.1155942189327,
                            "variance": 74897.479192566,
                            "skewness": 0.837500131794941,
                            "kurtosis": 0.15445373264393547
                        },
                        "running": {
                            "nobs": 2761,
                            "minmax": [
                                0.0,
                                1696.814779
                            ],
                            "mean": 345.45682216588193,
                            "variance": 84586.8146045666,
                            "skewness": 0.7943557407232793,
                            "kurtosis": 0.5450949842474815
                        }
                    },
                    "causes": []
                }
            ]
        }
    ]
}