{
    "what": "cycle time changed!",
    "how": {
        "reference": {
            "nobs": 1357,
            "minmax": [
                450.406413,
                1761.496444
            ],
            "mean": 877.421583293294,
            "variance": 68626.22548383955,
            "skewness": 0.6469964892318157,
            "kurtosis": -0.1694454528014364
        },
        "running": {
            "nobs": 1375,
            "minmax": [
                428.541348,
                2268.287398
            ],
            "mean": 947.222576568,
            "variance": 103303.03320921256,
            "skewness": 0.9727963866336166,
            "kurtosis": 0.8845485200236878
        }
    },
    "causes": [
        {
            "what": "waiting time changed!",
            "how": {
                "reference": {
                    "nobs": 1357,
                    "minmax": [
                        0.0,
                        1183.751886
                    ],
                    "mean": 278.53073797568163,
                    "variance": 66416.31770000211,
                    "skewness": 0.7181202207299135,
                    "kurtosis": -0.1588629592474864
                },
                "running": {
                    "nobs": 1375,
                    "minmax": [
                        0.0,
                        1696.814779
                    ],
                    "mean": 347.72116556509087,
                    "variance": 100241.6985606244,
                    "skewness": 1.037949775970083,
                    "kurtosis": 0.9720377747201163
                }
            },
            "causes": [
                {
                    "what": "waiting time due to resource contention changed!",
                    "how": {
                        "reference": {
                            "nobs": 1357,
                            "minmax": [
                                0.0,
                                1183.751886
                            ],
                            "mean": 265.0344228938836,
                            "variance": 63859.859542554135,
                            "skewness": 0.791050239959763,
                            "kurtosis": -0.0038088809443110883
                        },
                        "running": {
                            "nobs": 1375,
                            "minmax": [
                                0.0,
                                1696.814779
                            ],
                            "mean": 325.9879034530909,
                            "variance": 92709.83093133236,
                            "skewness": 1.105836976122686,
                            "kurtosis": 1.2727604919563005
                        }
                    },
                    "causes": []
                }
            ]
        }
    ]
}