{
    "what": "cycle time changed!",
    "how": {
        "reference": {
            "nobs": 1358,
            "minmax": [
                423.558933,
                67888.94643
            ],
            "mean": 1391.888482896171,
            "variance": 38484353.4831583,
            "skewness": 10.36219385343539,
            "kurtosis": 106.31496702624383
        },
        "running": {
            "nobs": 1368,
            "minmax": [
                374.748827,
                67676.332783
            ],
            "mean": 1676.5519570804097,
            "variance": 56997922.43319916,
            "skewness": 8.471284865084632,
            "kurtosis": 70.18720450465642
        }
    },
    "causes": [
        {
            "what": "waiting time changed!",
            "how": {
                "reference": {
                    "nobs": 1358,
                    "minmax": [
                        0.0,
                        67270.448021
                    ],
                    "mean": 792.0810036354932,
                    "variance": 38493453.92280807,
                    "skewness": 10.363050828295885,
                    "kurtosis": 106.32450913489416
                },
                "running": {
                    "nobs": 1368,
                    "minmax": [
                        0.0,
                        67096.008092
                    ],
                    "mean": 1075.175307766082,
                    "variance": 56981067.21580824,
                    "skewness": 8.472622165954268,
                    "kurtosis": 70.20280199778341
                }
            },
            "causes": [
                {
                    "what": "waiting time due to batching changed!",
                    "how": {
                        "reference": {
                            "nobs": 1358,
                            "minmax": [
                                0.0,
                                67270.448021
                            ],
                            "mean": 792.0810036354932,
                            "variance": 38493453.92280807,
                            "skewness": 10.363050828295885,
                            "kurtosis": 106.32450913489416
                        },
                        "running": {
                            "nobs": 1368,
                            "minmax": [
                                0.0,
                                67096.008092
                            ],
                            "mean": 1075.175307766082,
                            "variance": 56981067.21580824,
                            "skewness": 8.472622165954268,
                            "kurtosis": 70.20280199778341
                        }
                    },
                    "causes": [
                        {
                            "what": "batch firing policies for 'activity == B' changed!",
                            "how": {
                                "reference": {
                                    "(time_since_first <= 34010.0061) && (time_since_first > 2123.14478)": {
                                        "true_positives": 92,
                                        "true_negatives": 201,
                                        "false_positives": 0,
                                        "false_negatives": 10,
                                        "f1_score": 0.9484536082474226,
                                        "classification_accuracy": 0.966996699669967
                                    },
                                    "size > 4": {
                                        "true_positives": 100,
                                        "true_negatives": 201,
                                        "false_positives": 0,
                                        "false_negatives": 2,
                                        "f1_score": 0.9900990099009901,
                                        "classification_accuracy": 0.9933993399339934
                                    },
                                    "(time_since_first > 2131.66504) && (time_since_last <= 33079.22046)": {
                                        "true_positives": 98,
                                        "true_negatives": 199,
                                        "false_positives": 2,
                                        "false_negatives": 4,
                                        "f1_score": 0.9702970297029702,
                                        "classification_accuracy": 0.9801980198019802
                                    },
                                    "time_since_first > 66651.00781": {
                                        "true_positives": 8,
                                        "true_negatives": 201,
                                        "false_positives": 0,
                                        "false_negatives": 94,
                                        "f1_score": 0.14545454545454545,
                                        "classification_accuracy": 0.6897689768976898
                                    },
                                    "(time_since_first <= 34509.25061) && (time_since_last <= 32840.94519) && (time_since_first > 2143.61194)": {
                                        "true_positives": 92,
                                        "true_negatives": 201,
                                        "false_positives": 0,
                                        "false_negatives": 10,
                                        "f1_score": 0.9484536082474226,
                                        "classification_accuracy": 0.966996699669967
                                    },
                                    "(time_since_first > 2095.92114) && (time_since_last <= 32840.94519) && (day_of_week == Tuesday)": {
                                        "true_positives": 14,
                                        "true_negatives": 201,
                                        "false_positives": 0,
                                        "false_negatives": 88,
                                        "f1_score": 0.24137931034482762,
                                        "classification_accuracy": 0.7095709570957096
                                    },
                                    "(time_since_first > 2095.92114) && (time_since_last <= 32840.94519) && (day_of_week != Tuesday)": {
                                        "true_positives": 84,
                                        "true_negatives": 197,
                                        "false_positives": 4,
                                        "false_negatives": 18,
                                        "f1_score": 0.8842105263157894,
                                        "classification_accuracy": 0.9273927392739274
                                    },
                                    "(time_since_first > 34509.25061) && (time_since_last <= 32840.94519)": {
                                        "true_positives": 6,
                                        "true_negatives": 199,
                                        "false_positives": 2,
                                        "false_negatives": 96,
                                        "f1_score": 0.1090909090909091,
                                        "classification_accuracy": 0.6765676567656765
                                    }
                                },
                                "running": {
                                    "(time_since_first <= 34010.0061) && (time_since_first > 2123.14478)": {
                                        "true_positives": 86,
                                        "true_negatives": 205,
                                        "false_positives": 3,
                                        "false_negatives": 18,
                                        "f1_score": 0.8911917098445594,