{
    "what": "cycle time changed!",
    "how": {
        "reference": {
            "nobs": 1368,
            "minmax": [
                460.438995,
                1792.136234
            ],
            "mean": 971.9978389839182,
            "variance": 85181.84264161345,
            "skewness": 0.3002115670142575,
            "kurtosis": -0.7061385976669787
        },
        "running": {
            "nobs": 1401,
            "minmax": [
                431.337238,
                1881.466902
            ],
            "mean": 1023.517123917202,
            "variance": 81914.31010710483,
            "skewness": 0.09667903493092113,
            "kurtosis": -0.5783944142193844
        }
    },
    "causes": [
        {
            "what": "waiting time changed!",
            "how": {
                "reference": {
                    "nobs": 1368,
                    "minmax": [
                        0.0,
                        1187.34008
                    ],
                    "mean": 370.97015694371345,
                    "variance": 81969.23840296235,
                    "skewness": 0.3685205277527552,
                    "kurtosis": -0.6730863321898259
                },
                "running": {
                    "nobs": 1401,
                    "minmax": [
                        0.0,
                        1198.051684
                    ],
                    "mean": 423.0016535217701,
                    "variance": 79721.87343278456,
                    "skewness": 0.12083870062990279,
                    "kurtosis": -0.6525775529410547
                }
            },
            "causes": [
                {
                    "what": "waiting time due to resource contention changed!",
                    "how": {
                        "reference": {
                            "nobs": 1368,
                            "minmax": [
                                0.0,
                                1187.34008
                            ],
                            "mean": 343.207039622076,
                            "variance": 77754.85582169381,
                            "skewness": 0.46665286241141873,
                            "kurtosis": -0.5552693890337586
                        },
                        "running": {
                            "nobs": 1401,
                            "minmax": [
                                0.0,
                                1198.051684
                            ],
                            "mean": 396.6666636545325,
                            "variance": 80095.5638398721,
                            "skewness": 0.21607189384993084,
                            "kurtosis": -0.6478341968966759
                        }
                    },
                    "causes": []
                }
            ]
        }
    ]
}