{
    "what": "cycle time changed!",
    "how": {
        "reference": {
            "nobs": 1363,
            "minmax": [
                459.725446,
                1861.727718
            ],
            "mean": 909.3083376272928,
            "variance": 73346.21317245363,
            "skewness": 0.5672613110199328,
            "kurtosis": -0.3537209744620031
        },
        "running": {
            "nobs": 1380,
            "minmax": [
                439.577946,
                1889.89305
            ],
            "mean": 954.8225472630435,
            "variance": 84153.51053382477,
            "skewness": 0.6155171189030648,
            "kurtosis": -0.01857948577438151
        }
    },
    "causes": [
        {
            "what": "waiting time changed!",
            "how": {
                "reference": {
                    "nobs": 1363,
                    "minmax": [
                        0.0,
                        1186.26414
                    ],
                    "mean": 306.65648179016875,
                    "variance": 69239.34487204216,
                    "skewness": 0.5575791246690189,
                    "kurtosis": -0.4472476131008949
                },
                "running": {
                    "nobs": 1380,
                    "minmax": [
                        0.0,
                        1253.195706
                    ],
                    "mean": 353.9584492275362,
                    "variance": 80507.81420055921,
                    "skewness": 0.6479316275864715,
                    "kurtosis": -0.03801370098597179
                }
            },
            "causes": []
        }
    ]
}