{
    "what": "cycle time changed!",
    "how": {
        "reference": {
            "nobs": 1378,
            "minmax": [
                462.798544,
                2222.717889
            ],
            "mean": 890.7027047772134,
            "variance": 81701.67558914151,
            "skewness": 1.059856180830625,
            "kurtosis": 1.3984317148620926
        },
        "running": {
            "nobs": 1372,
            "minmax": [
                430.896038,
                1703.493434
            ],
            "mean": 942.1420386129739,
            "variance": 84253.10444105779,
            "skewness": 0.3395110352215588,
            "kurtosis": -0.9091671999503652
        }
    },
    "causes": [
        {
            "what": "waiting time changed!",
            "how": {
                "reference": {
                    "nobs": 1378,
                    "minmax": [
                        0.0,
                        1498.067169
                    ],
                    "mean": 289.2897145370102,
                    "variance": 78960.857564852,
                    "skewness": 1.0974090670864782,
                    "kurtosis": 1.443958565300349
                },
                "running": {
                    "nobs": 1372,
                    "minmax": [
                        0.0,
                        1107.24683
                    ],
                    "mean": 343.2972786865889,
                    "variance": 81269.55917939985,
                    "skewness": 0.3625326656254743,
                    "kurtosis": -0.9853308333915565
                }
            },
            "causes": [
                {
                    "what": "waiting time due to batching changed!",
                    "how": {
                        "reference": {
                            "nobs": 1378,
                            "minmax": [
                                0.0,
                                713.673889
                            ],
                            "mean": 13.239884248911464,
                            "variance": 7012.515697854817,
                            "skewness": 6.368304964084949,
                            "kurtosis": 39.63615238817803
                        },
                        "running": {
                            "nobs": 1372,
                            "minmax": [
                                0.0,
                                957.088078
                            ],
                            "mean": 35.6075789132653,
                            "variance": 21450.481298927843,
                            "skewness": 4.044334694472553,
                            "kurtosis": 15.13314254771203
                        }
                    },
                    "causes": []
                }
            ]
        }
    ]
}