{
    "what": "cycle time changed!",
    "how": {
        "reference": {
            "nobs": 1374,
            "minmax": [
                438.85569,
                1745.127503
            ],
            "mean": 940.6071404090247,
            "variance": 84265.61949423104,
            "skewness": 0.35077538121540924,
            "kurtosis": -0.8450322903237404
        },
        "running": {
            "nobs": 1370,
            "minmax": [
                405.719337,
                2253.028867
            ],
            "mean": 994.1540932445255,
            "variance": 98209.43635004101,
            "skewness": 0.5829218576697951,
            "kurtosis": 0.23358945658466634
        }
    },
    "causes": [
        {
            "what": "waiting time changed!",
            "how": {
                "reference": {
                    "nobs": 1374,
                    "minmax": [
                        0.0,
                        1115.381975
                    ],
                    "mean": 343.5154695633188,
                    "variance": 80364.27472053621,
                    "skewness": 0.37984912410130867,
                    "kurtosis": -0.9145674115482949
                },
                "running": {
                    "nobs": 1370,
                    "minmax": [
                        0.0,
                        1640.071723
                    ],
                    "mean": 393.79699109197077,
                    "variance": 94167.77434550493,
                    "skewness": 0.62506216867988,
                    "kurtosis": 0.22619850815377918
                }
            },
            "causes": [
                {
                    "what": "waiting time due to resource contention changed!",
                    "how": {
                        "reference": {
                            "nobs": 1374,
                            "minmax": [
                                0.0,
                                1045.425022
                            ],
                            "mean": 322.80232747307133,
                            "variance": 76474.83320205475,
                            "skewness": 0.4679559886286993,
                            "kurtosis": -0.8158723092043645
                        },
                        "running": {
                            "nobs": 1370,
                            "minmax": [
                                0.0,
                                1640.071723
                            ],
                            "mean": 368.7296079306569,
                            "variance": 90166.22685271292,
                            "skewness": 0.7148399548164711,
                            "kurtosis": 0.4407241497446166
                        }
                    },
                    "causes": []
                }
            ]
        }
    ]
}