{
    "what": "cycle time changed!",
    "how": {
        "reference": {
            "nobs": 1373,
            "minmax": [
                420.817417,
                2543.475143
            ],
            "mean": 912.0551640808449,
            "variance": 137100.48476712772,
            "skewness": 1.717737438992936,
            "kurtosis": 3.1307658635409874
        },
        "running": {
            "nobs": 1402,
            "minmax": [
                460.151976,
                2085.339407
            ],
            "mean": 1013.4925447360914,
            "variance": 100553.04657971059,
            "skewness": 0.3715988015935557,
            "kurtosis": -0.46509666584313925
        }
    },
    "causes": [
        {
            "what": "waiting time changed!",
            "how": {
                "reference": {
                    "nobs": 1373,
                    "minmax": [
                        0.0,
                        1954.431149
                    ],
                    "mean": 311.9533682753096,
                    "variance": 134023.27463551925,
                    "skewness": 1.7864343878492432,
                    "kurtosis": 3.3566559040124764
                },
                "running": {
                    "nobs": 1402,
                    "minmax": [
                        0.0,
                        1410.620024
                    ],
                    "mean": 411.27887793437947,
                    "variance": 97563.5099628278,
                    "skewness": 0.3911089932501781,
                    "kurtosis": -0.5125226117740977
                }
            },
            "causes": [
                {
                    "what": "waiting time due to resource contention changed!",
                    "how": {
                        "reference": {
                            "nobs": 1373,
                            "minmax": [
                                0.0,
                                1954.431149
                            ],
                            "mean": 291.0302534785142,
                            "variance": 114656.07052112574,
                            "skewness": 1.7853653965497926,
                            "kurtosis": 3.622923586577146
                        },
                        "running": {
                            "nobs": 1402,
                            "minmax": [
                                0.0,
                                1410.620024
                            ],
                            "mean": 380.6225847047076,
                            "variance": 94774.05476574675,
                            "skewness": 0.5198261392002136,
                            "kurtosis": -0.3747795902451694
                        }
                    },
                    "causes": []
                }
            ]
        }
    ]
}