{
    "what": "cycle time changed!",
    "how": {
        "reference": {
            "nobs": 1368,
            "minmax": [
                441.032185,
                1747.527047
            ],
            "mean": 858.5646290511695,
            "variance": 51596.49760986351,
            "skewness": 0.6034447833074347,
            "kurtosis": -0.06799879986180235
        },
        "running": {
            "nobs": 1348,
            "minmax": [
                431.059884,
                1766.461822
            ],
            "mean": 810.9614174384274,
            "variance": 50755.485944174594,
            "skewness": 0.9482830424470637,
            "kurtosis": 0.7661719802297635
        }
    },
    "causes": [
        {
            "what": "waiting time changed!",
            "how": {
                "reference": {
                    "nobs": 1368,
                    "minmax": [
                        0.0,
                        1123.415006
                    ],
                    "mean": 260.0629681359649,
                    "variance": 48807.48964000242,
                    "skewness": 0.6466454393451218,
                    "kurtosis": -0.15610377240450513
                },
                "running": {
                    "nobs": 1348,
                    "minmax": [
                        0.0,
                        1129.995803
                    ],
                    "mean": 211.83062465727,
                    "variance": 46880.93638123203,
                    "skewness": 1.033752398776557,
                    "kurtosis": 0.8334197191798394
                }
            },
            "causes": [
                {
                    "what": "waiting time due to resource contention changed!",
                    "how": {
                        "reference": {
                            "nobs": 1368,
                            "minmax": [
                                0.0,
                                1042.013631
                            ],
                            "mean": 253.35048552704674,
                            "variance": 47250.732548720815,
                            "skewness": 0.6426562412332572,
                            "kurtosis": -0.21274460284954122
                        },
                        "running": {
                            "nobs": 1348,
                            "minmax": [
                                0.0,
                                1129.995803
                            ],
                            "mean": 205.98049372774483,
                            "variance": 44980.28396244649,
                            "skewness": 1.046573800705202,
                            "kurtosis": 0.9052619941101812
                        }
                    },
                    "causes": []
                }
            ]
        }
    ]
}