{
    "what": "cycle time changed!",
    "how": {
        "reference": {
            "nobs": 2758,
            "minmax": [
                403.340444,
                801.879766
            ],
            "mean": 600.1170185591009,
            "variance": 3523.23789411228,
            "skewness": -0.004244212084434117,
            "kurtosis": -0.10016743684193408
        },
        "running": {
            "nobs": 2742,
            "minmax": [
                396.752285,
                1765.579457
            ],
            "mean": 759.4705790780453,
            "variance": 64729.925045985285,
            "skewness": 1.3379073657389162,
            "kurtosis": 1.0199042893039447
        }
    },
    "causes": [
        {
            "what": "waiting time changed!",
            "how": {
                "reference": {
                    "nobs": 2758,
                    "minmax": [
                        0.0,
                        0.0
                    ],
                    "mean": 0.0,
                    "variance": 0.0,
                    "skewness": NaN,
                    "kurtosis": NaN
                },
                "running": {
                    "nobs": 2742,
                    "minmax": [
                        0.0,
                        1171.449565
                    ],
                    "mean": 159.72216440043763,
                    "variance": 61174.85396244273,
                    "skewness": 1.4624248147991656,
                    "kurtosis": 1.194874453987377
                }
            },
            "causes": [
                {
                    "what": "waiting time due to batching changed!",
                    "how": {
                        "reference": {
                            "nobs": 2758,
                            "minmax": [
                                0.0,
                                0.0
                            ],
                            "mean": 0.0,
                            "variance": 0.0,
                            "skewness": NaN,
                            "kurtosis": NaN
                        },
                        "running": {
                            "nobs": 2742,
                            "minmax": [
                                0.0,
                                934.99462
                            ],
                            "mean": 7.752036133479211,
                            "variance": 4352.066125209334,
                            "skewness": 8.922102514406019,
                            "kurtosis": 82.28340080739387
                        }
                    },
                    "causes": []
                },
                {
                    "what": "waiting time due to resource contention changed!",
                    "how": {
                        "reference": {
                            "nobs": 2758,
                            "minmax": [
                                0.0,
                                0.0
                            ],
                            "mean": 0.0,
                            "variance": 0.0,
                            "skewness": NaN,
                            "kurtosis": NaN
                        },
                        "running": {
                            "nobs": 2742,
                            "minmax": [
                                0.0,
                                1171.449565
                            ],
                            "mean": 151.97012826695845,
                            "variance": 57239.14564073509,
                            "skewness": 1.5273436916991077,
                            "kurtosis": 1.479590462394257
                        }
                    },
                    "causes": []
                }
            ]
        }
    ]
}