{
    "what": "cycle time changed!",
    "how": {
        "reference": {
            "nobs": 1366,
            "minmax": [
                431.059884,
                1739.273796
            ],
            "mean": 846.1821751398243,
            "variance": 57984.28119564874,
            "skewness": 0.7314575639354655,
            "kurtosis": -0.005165601501286421
        },
        "running": {
            "nobs": 1375,
            "minmax": [
                460.438995,
                1792.136234
            ],
            "mean": 955.9210343796364,
            "variance": 81579.39045356978,
            "skewness": 0.31399409029572706,
            "kurtosis": -0.6671227195618337
        }
    },
    "causes": [
        {
            "what": "processing time changed!",
            "how": {
                "reference": {
                    "nobs": 1366,
                    "minmax": [
                        417.575787,
                        807.287074
                    ],
                    "mean": 602.7073536346999,
                    "variance": 3968.888398385743,
                    "skewness": 0.001900040882114089,
                    "kurtosis": -0.21188450526257663
                },
                "running": {
                    "nobs": 1375,
                    "minmax": [
                        365.796654,
                        789.860308
                    ],
                    "mean": 598.7469736814545,
                    "variance": 3670.017569013525,
                    "skewness": -0.10594641420986411,
                    "kurtosis": -0.027546805591158297
                }
            },
            "causes": [
                {
                    "what": "processing time with resources available changed!",
                    "how": {
                        "reference": {
                            "nobs": 1366,
                            "minmax": [
                                417.575787,
                                807.287074
                            ],
                            "mean": 602.7073536346999,
                            "variance": 3968.888398385743,
                            "skewness": 0.001900040882114089,
                            "kurtosis": -0.21188450526257663
                        },
                        "running": {
                            "nobs": 1375,
                            "minmax": [
                                365.796654,
                                789.860308
                            ],
                            "mean": 598.7469736814545,
                            "variance": 3670.017569013525,
                            "skewness": -0.10594641420986411,
                            "kurtosis": -0.027546805591158297
                        }
                    },
                    "causes": []
                }
            ]
        },
        {
            "what": "waiting time changed!",
            "how": {
                "reference": {
                    "nobs": 1366,
                    "minmax": [
                        0.0,
                        1122.013625
                    ],
                    "mean": 243.47482150512442,
                    "variance": 52885.194698736916,
                    "skewness": 0.8176205511659611,
                    "kurtosis": 0.009527042459060553
                },
                "running": {
                    "nobs": 1375,
                    "minmax": [
                        0.0,
                        1187.34008
                    ],
                    "mean": 357.1740606981818,
                    "variance": 79553.25153702662,
                    "skewness": 0.3684944184961578,
                    "kurtosis": -0.6576714895248843
                }
            },
            "causes": [
                {
                    "what": "waiting time due to batching changed!",
                    "how": {
                        "reference": {
                            "nobs": 1366,
                            "minmax": [
                                0.0,
                                915.67655
                            ],
                            "mean": 12.591028934846268,
                            "variance": 7684.2433469273765,
                            "skewness": 7.135601517164152,
                            "kurtosis": 51.15644684838651
                        },
                        "running": {
                            "nobs": 1375,
                            "minmax": [
                                0.0,
                                804.50715
                            ],
                            "mean": 19.658731860363634,
                            "variance": 11058.663098581299,
                            "skewness": 5.369460715078595,
                            "kurtosis": 27.772895175149035
                        }
                    },
                    "causes": []
                },
                {
                    "what": "waiting time due to resource contention changed!",
                    "how": {
                        "reference": {
                            "nobs": 1366,
                            "minmax": [
                                0.0,
                                1122.013625
                            ],
                            "mean": 230.8837925702782,
                            "variance": 49892.42538117607,
                            "skewness": 0.8717100541977534,
                            "kurtosis": 0.16656064658219627
                        },
                        "running": {
                            "nobs": 1375,
                            "minmax": [
                                0.0,
                                1187.34008
                            ],
                            "mean": 337.5153288378182,
                            "variance": 76129.42885609608,
                            "skewness": 0.4204121490816431,
                            "kurtosis": -0.6117076021785071
                        }
                    },
                    "causes": []
                }
            ]
        }
    ]
}