{
    "what": "cycle time changed!",
    "how": {
        "reference": {
            "nobs": 1369,
            "minmax": [
                375.641603,
                1985.73323
            ],
            "mean": 913.0698488597517,
            "variance": 86764.24369472334,
            "skewness": 0.7622342808378924,
            "kurtosis": 0.12947954634834602
        },
        "running": {
            "nobs": 1360,
            "minmax": [
                439.310068,
                1913.531491
            ],
            "mean": 841.6275001536766,
            "variance": 60843.06094997325,
            "skewness": 0.9832340114105895,
            "kurtosis": 0.7476020710073739
        }
    },
    "causes": [
        {
            "what": "waiting time changed!",
            "how": {
                "reference": {
                    "nobs": 1369,
                    "minmax": [
                        0.0,
                        1303.023269
                    ],
                    "mean": 313.03598600657415,
                    "variance": 81435.8329292157,
                    "skewness": 0.8245162456102358,
                    "kurtosis": 0.15514261494603554
                },
                "running": {
                    "nobs": 1360,
                    "minmax": [
                        0.0,
                        1266.975886
                    ],
                    "mean": 241.7392323389706,
                    "variance": 57910.771836022504,
                    "skewness": 1.0667728227632336,
                    "kurtosis": 0.8714812229880744
                }
            },
            "causes": [
                {
                    "what": "waiting time due to batching changed!",
                    "how": {
                        "reference": {
                            "nobs": 1369,
                            "minmax": [
                                0.0,
                                783.911018
                            ],
                            "mean": 18.008595444850258,
                            "variance": 10534.97991169371,
                            "skewness": 5.692362643063033,
                            "kurtosis": 31.192849904742168
                        },
                        "running": {
                            "nobs": 1360,
                            "minmax": [
                                0.0,
                                1088.093474
                            ],
                            "mean": 10.657048959558825,
                            "variance": 6823.3299316863695,
                            "skewness": 8.22121309008351,
                            "kurtosis": 70.93357289355355
                        }
                    },
                    "causes": []
                },
                {
                    "what": "waiting time due to resource contention changed!",
                    "how": {
                        "reference": {
                            "nobs": 1369,
                            "minmax": [
                                0.0,
                                1303.023269
                            ],
                            "mean": 294.68830047333824,
                            "variance": 76156.89477713057,
                            "skewness": 0.9155544126325018,
                            "kurtosis": 0.45191838762993974
                        },
                        "running": {
                            "nobs": 1360,
                            "minmax": [
                                0.0,
                                1234.210584
                            ],
                            "mean": 231.08218337941173,
                            "variance": 53721.78734085313,
                            "skewness": 1.0696457249017701,
                            "kurtosis": 0.8627551204071655
                        }
                    },
                    "causes": []
                }
            ]
        }
    ]
}