{
    "what": "cycle time changed!",
    "how": {
        "reference": {
            "nobs": 1388,
            "minmax": [
                405.043608,
                775.867805
            ],
            "mean": 600.2821651988472,
            "variance": 3534.615216841206,
            "skewness": 0.026377232638271977,
            "kurtosis": -0.11813634922938965
        },
        "running": {
            "nobs": 1389,
            "minmax": [
                412.434438,
                1765.579457
            ],
            "mean": 987.6581597832974,
            "variance": 82542.10792154838,
            "skewness": 0.19075223140828698,
            "kurtosis": -0.7409171705432573
        }
    },
    "causes": [
        {
            "what": "waiting time changed!",
            "how": {
                "reference": {
                    "nobs": 1388,
                    "minmax": [
                        0.0,
                        0.0
                    ],
                    "mean": 0.0,
                    "variance": 0.0,
                    "skewness": NaN,
                    "kurtosis": NaN
                },
                "running": {
                    "nobs": 1389,
                    "minmax": [
                        0.0,
                        1171.449565
                    ],
                    "mean": 388.3614656162707,
                    "variance": 79687.34072641021,
                    "skewness": 0.19467975597255077,
                    "kurtosis": -0.8082354254636552
                }
            },
            "causes": [
                {
                    "what": "waiting time due to batching changed!",
                    "how": {
                        "reference": {
                            "nobs": 1388,
                            "minmax": [
                                0.0,
                                0.0
                            ],
                            "mean": 0.0,
                            "variance": 0.0,
                            "skewness": NaN,
                            "kurtosis": NaN
                        },
                        "running": {
                            "nobs": 1389,
                            "minmax": [
                                0.0,
                                973.569605
                            ],
                            "mean": 22.64054185385169,
                            "variance": 12681.641573324423,
                            "skewness": 5.087689135008006,
                            "kurtosis": 25.43738388467721
                        }
                    },
                    "causes": []
                },
                {
                    "what": "waiting time due to resource contention changed!",
                    "how": {
                        "reference": {
                            "nobs": 1388,
                            "minmax": [
                                0.0,
                                0.0
                            ],
                            "mean": 0.0,
                            "variance": 0.0,
                            "skewness": NaN,
                            "kurtosis": NaN
                        },
                        "running": {
                            "nobs": 1389,
                            "minmax": [
                                0.0,
                                1171.449565
                            ],
                            "mean": 365.72092376241903,
                            "variance": 78388.56368962192,
                            "skewness": 0.2948225362154214,
                            "kurtosis": -0.7443793215114383
                        }
                    },
                    "causes": []
                }
            ]
        }
    ]
}