{
    "what": "cycle time changed!",
    "how": {
        "reference": {
            "nobs": 1377,
            "minmax": [
                441.399705,
                1967.052402
            ],
            "mean": 884.53208775817,
            "variance": 67793.99920594505,
            "skewness": 0.6452092906290834,
            "kurtosis": 0.017211069723691796
        },
        "running": {
            "nobs": 1356,
            "minmax": [
                428.04519,
                1784.946444
            ],
            "mean": 861.8490349668142,
            "variance": 56039.75640154934,
            "skewness": 0.5792976893135193,
            "kurtosis": -0.2238615805119939
        }
    },
    "causes": [
        {
            "what": "waiting time changed!",
            "how": {
                "reference": {
                    "nobs": 1377,
                    "minmax": [
                        0.0,
                        1224.979102
                    ],
                    "mean": 283.49951822948435,
                    "variance": 64495.655507685035,
                    "skewness": 0.6760954803977137,
                    "kurtosis": -0.10004882294219986
                },
                "running": {
                    "nobs": 1356,
                    "minmax": [
                        0.0,
                        1114.553115
                    ],
                    "mean": 262.17253580235985,
                    "variance": 52467.121362670914,
                    "skewness": 0.6285496320151798,
                    "kurtosis": -0.259455517899299
                }
            },
            "causes": [
                {
                    "what": "waiting time due to batching changed!",
                    "how": {
                        "reference": {
                            "nobs": 1377,
                            "minmax": [
                                0.0,
                                938.355417
                            ],
                            "mean": 13.5412569557008,
                            "variance": 7548.790823960671,
                            "skewness": 7.024918819339152,
                            "kurtosis": 52.44319789259884
                        },
                        "running": {
                            "nobs": 1356,
                            "minmax": [
                                0.0,
                                667.971117
                            ],
                            "mean": 7.7972055000000005,
                            "variance": 3911.783448570764,
                            "skewness": 8.233418924452888,
                            "kurtosis": 67.65292993028983
                        }
                    },
                    "causes": []
                },
                {
                    "what": "waiting time due to resource contention changed!",
                    "how": {
                        "reference": {
                            "nobs": 1377,
                            "minmax": [
                                0.0,
                                1224.979102
                            ],
                            "mean": 269.9582612737836,
                            "variance": 62319.77954898258,
                            "skewness": 0.7372714739016538,
                            "kurtosis": 0.035872264499706485
                        },
                        "running": {
                            "nobs": 1356,
                            "minmax": [
                                0.0,
                                1114.553115
                            ],
                            "mean": 254.37533030235986,
                            "variance": 51478.25850317366,
                            "skewness": 0.6781464256164088,
                            "kurtosis": -0.15122273568531552
                        }
                    },
                    "causes": []
                }
            ]
        }
    ]
}