{
    "what": "cycle time changed!",
    "how": {
        "reference": {
            "nobs": 1371,
            "minmax": [
                421.407635,
                1675.595186
            ],
            "mean": 890.9492468614148,
            "variance": 63256.680063768355,
            "skewness": 0.49074197865087915,
            "kurtosis": -0.4933915400917481
        },
        "running": {
            "nobs": 1361,
            "minmax": [
                462.798544,
                1647.610242
            ],
            "mean": 837.9995222351214,
            "variance": 50473.24726752039,
            "skewness": 0.5496196429523001,
            "kurtosis": -0.4234614119234936
        }
    },
    "causes": [
        {
            "what": "processing time changed!",
            "how": {
                "reference": {
                    "nobs": 1371,
                    "minmax": [
                        421.407635,
                        780.612803
                    ],
                    "mean": 597.9780883698031,
                    "variance": 3538.0626128161935,
                    "skewness": -0.045636679122006335,
                    "kurtosis": -0.18042672986534303
                },
                "running": {
                    "nobs": 1361,
                    "minmax": [
                        387.928565,
                        807.496286
                    ],
                    "mean": 601.7638191947099,
                    "variance": 3400.6126828902948,
                    "skewness": -0.01848224678705743,
                    "kurtosis": 0.14354185754879945
                }
            },
            "causes": [
                {
                    "what": "processing time with resources available changed!",
                    "how": {
                        "reference": {
                            "nobs": 1371,
                            "minmax": [
                                421.407635,
                                780.612803
                            ],
                            "mean": 597.9780883698031,
                            "variance": 3538.0626128161935,
                            "skewness": -0.045636679122006335,
                            "kurtosis": -0.18042672986534303
                        },
                        "running": {
                            "nobs": 1361,
                            "minmax": [
                                387.928565,
                                807.496286
                            ],
                            "mean": 601.7638191947099,
                            "variance": 3400.6126828902948,
                            "skewness": -0.01848224678705743,
                            "kurtosis": 0.14354185754879945
                        }
                    },
                    "causes": []
                }
            ]
        },
        {
            "what": "waiting time changed!",
            "how": {
                "reference": {
                    "nobs": 1371,
                    "minmax": [
                        0.0,
                        1056.474899
                    ],
                    "mean": 292.971158491612,
                    "variance": 59755.001816959346,
                    "skewness": 0.5376019478614299,
                    "kurtosis": -0.5523852882018789
                },
                "running": {
                    "nobs": 1361,
                    "minmax": [
                        0.0,
                        995.976258
                    ],
                    "mean": 236.23570304041147,
                    "variance": 47370.24526401833,
                    "skewness": 0.5709260287579462,
                    "kurtosis": -0.6077480448873982
                }
            },
            "causes": [
                {
                    "what": "waiting time due to batching changed!",
                    "how": {
                        "reference": {
                            "nobs": 1371,
                            "minmax": [
                                0.0,
                                860.358443
                            ],
                            "mean": 14.852741288840264,
                            "variance": 8376.424055490348,
                            "skewness": 6.260501768339065,
                            "kurtosis": 38.582726724752725
                        },
                        "running": {
                            "nobs": 1361,
                            "minmax": [
                                0.0,
                                649.953495
                            ],
                            "mean": 8.382033443056576,
                            "variance": 4448.157472354143,
                            "skewness": 8.048220804055804,
                            "kurtosis": 64.080211368937
                        }
                    },
                    "causes": []
                },
                {
                    "what": "waiting time due to resource contention changed!",
                    "how": {
                        "reference": {
                            "nobs": 1371,
                            "minmax": [
                                0.0,
                                1031.760303
                            ],
                            "mean": 278.1184172027717,
                            "variance": 56607.67776607729,
                            "skewness": 0.5795478508939593,
                            "kurtosis": -0.502249395134962
                        },
                        "running": {
                            "nobs": 1361,
                            "minmax": [
                                0.0,
                                995.976258
                            ],
                            "mean": 227.85366959735487,
                            "variance": 45694.27176045866,
                            "skewness": 0.6018405109848003,
                            "kurtosis": -0.5650191236140363
                        }
                    },
                    "causes": []
                }
            ]
        }
    ]
}