{
    "what": "cycle time changed!",
    "how": {
        "reference": {
            "nobs": 1368,
            "minmax": [
                442.572655,
                2033.848847
            ],
            "mean": 951.7969587711988,
            "variance": 86383.20081194332,
            "skewness": 0.6591246174162276,
            "kurtosis": 0.044507983838481646
        },
        "running": {
            "nobs": 1386,
            "minmax": [
                462.127132,
                1909.172283
            ],
            "mean": 970.2582587929292,
            "variance": 81042.23975667638,
            "skewness": 0.4152119748519723,
            "kurtosis": -0.23314587283629873
        }
    },
    "causes": [
        {
            "what": "waiting time changed!",
            "how": {
                "reference": {
                    "nobs": 1368,
                    "minmax": [
                        0.0,
                        1379.177833
                    ],
                    "mean": 350.4940278574561,
                    "variance": 83801.11386427234,
                    "skewness": 0.7072762699337529,
                    "kurtosis": 0.08149457927950099
                },
                "running": {
                    "nobs": 1386,
                    "minmax": [
                        0.0,
                        1272.720365
                    ],
                    "mean": 370.1555534105339,
                    "variance": 77711.00806446842,
                    "skewness": 0.4705960933411679,
                    "kurtosis": -0.23297317545110596
                }
            },
            "causes": [
                {
                    "what": "waiting time due to batching changed!",
                    "how": {
                        "reference": {
                            "nobs": 1368,
                            "minmax": [
                                0.0,
                                972.019279
                            ],
                            "mean": 18.300467258040936,
                            "variance": 10649.24830968075,
                            "skewness": 5.813916680197248,
                            "kurtosis": 33.81308363150603
                        },
                        "running": {
                            "nobs": 1386,
                            "minmax": [
                                0.0,
                                854.700945
                            ],
                            "mean": 23.37433635353535,
                            "variance": 13458.58069660141,
                            "skewness": 5.0304415240017555,
                            "kurtosis": 24.614882643075113
                        }
                    },
                    "causes": []
                }
            ]
        }
    ]
}