{
    "what": "cycle time changed!",
    "how": {
        "reference": {
            "nobs": 13397,
            "minmax": [
                420.94741,
                1379.228526
            ],
            "mean": 832.9177603920281,
            "variance": 33445.65218694728,
            "skewness": 0.28358386803638075,
            "kurtosis": -0.7434710621000753
        },
        "running": {
            "nobs": 13535,
            "minmax": [
                387.407406,
                1407.202762
            ],
            "mean": 879.0022205282602,
            "variance": 38825.454651204825,
            "skewness": 0.09757992317763926,
            "kurtosis": -0.9168083991068712
        }
    },
    "causes": [
        {
            "what": "waiting time changed!",
            "how": {
                "reference": {
                    "nobs": 13397,
                    "minmax": [
                        0.0,
                        678.98538
                    ],
                    "mean": 232.46309247152345,
                    "variance": 29799.60230408892,
                    "skewness": 0.3338742404057424,
                    "kurtosis": -0.941448625873802
                },
                "running": {
                    "nobs": 13535,
                    "minmax": [
                        0.0,
                        730.157167
                    ],
                    "mean": 279.76607019179903,
                    "variance": 35070.37457184293,
                    "skewness": 0.11873770698379188,
                    "kurtosis": -1.0980022497737314
                }
            },
            "causes": [
                {
                    "what": "waiting time due to resource contention changed!",
                    "how": {
                        "reference": {
                            "nobs": 13397,
                            "minmax": [
                                0.0,
                                678.98538
                            ],
                            "mean": 230.71881565440026,
                            "variance": 29619.222838140384,
                            "skewness": 0.3410132760744502,
                            "kurtosis": -0.9338362104260756
                        },
                        "running": {
                            "nobs": 13535,
                            "minmax": [
                                0.0,
                                730.157167
                            ],
                            "mean": 275.3939576964906,
                            "variance": 34820.107846740575,
                            "skewness": 0.1360776264900493,
                            "kurtosis": -1.0959133738922795
                        }
                    },
                    "causes": []
                }
            ]
        }
    ]
}