{
    "what": "cycle time changed!",
    "how": {
        "reference": {
            "nobs": 1372,
            "minmax": [
                400.494541,
                1989.363449
            ],
            "mean": 969.4713464876094,
            "variance": 88500.8944513343,
            "skewness": 0.6694974139463518,
            "kurtosis": 0.17544924651762495
        },
        "running": {
            "nobs": 1365,
            "minmax": [
                403.438409,
                1732.849152
            ],
            "mean": 862.9545950710624,
            "variance": 64443.771008100615,
            "skewness": 0.5765817390515672,
            "kurtosis": -0.5413327634061433
        }
    },
    "causes": [
        {
            "what": "waiting time changed!",
            "how": {
                "reference": {
                    "nobs": 1372,
                    "minmax": [
                        0.0,
                        1386.635865
                    ],
                    "mean": 370.67362368440234,
                    "variance": 85655.02205185479,
                    "skewness": 0.7130328638783711,
                    "kurtosis": 0.23669965997440245
                },
                "running": {
                    "nobs": 1365,
                    "minmax": [
                        0.0,
                        1117.427411
                    ],
                    "mean": 261.3257719794872,
                    "variance": 60421.49681713053,
                    "skewness": 0.6677324437126044,
                    "kurtosis": -0.5776931716239568
                }
            },
            "causes": [
                {
                    "what": "waiting time due to resource contention changed!",
                    "how": {
                        "reference": {
                            "nobs": 1372,
                            "minmax": [
                                0.0,
                                1362.296617
                            ],
                            "mean": 341.2431077383382,
                            "variance": 77947.47771363203,
                            "skewness": 0.710953023833931,
                            "kurtosis": 0.23338209042748126
                        },
                        "running": {
                            "nobs": 1365,
                            "minmax": [
                                0.0,
                                1117.427411
                            ],
                            "mean": 245.71453534798533,
                            "variance": 56723.416005562925,
                            "skewness": 0.7296573218783501,
                            "kurtosis": -0.476751791963963
                        }
                    },
                    "causes": []
                }
            ]
        }
    ]
}