{
    "what": "cycle time changed!",
    "how": {
        "reference": {
            "nobs": 1401,
            "minmax": [
                431.337238,
                1881.466902
            ],
            "mean": 1023.517123917202,
            "variance": 81914.31010710483,
            "skewness": 0.09667903493092113,
            "kurtosis": -0.5783944142193844
        },
        "running": {
            "nobs": 1342,
            "minmax": [
                430.469858,
                1899.046589
            ],
            "mean": 858.4295041542474,
            "variance": 69081.35452497959,
            "skewness": 0.8528380665431226,
            "kurtosis": 0.1927689680222726
        }
    },
    "causes": [
        {
            "what": "waiting time changed!",
            "how": {
                "reference": {
                    "nobs": 1401,
                    "minmax": [
                        0.0,
                        1198.051684
                    ],
                    "mean": 423.0016535217701,
                    "variance": 79721.87343278456,
                    "skewness": 0.12083870062990279,
                    "kurtosis": -0.6525775529410547
                },
                "running": {
                    "nobs": 1342,
                    "minmax": [
                        0.0,
                        1126.891704
                    ],
                    "mean": 256.74367175931445,
                    "variance": 64946.29298555555,
                    "skewness": 0.8658153732238254,
                    "kurtosis": 0.01579872669668303
                }
            },
            "causes": [
                {
                    "what": "waiting time due to batching changed!",
                    "how": {
                        "reference": {
                            "nobs": 1401,
                            "minmax": [
                                0.0,
                                920.259583
                            ],
                            "mean": 26.334989867237688,
                            "variance": 16176.529760403255,
                            "skewness": 4.9416666043447135,
                            "kurtosis": 23.74876299478447
                        },
                        "running": {
                            "nobs": 1342,
                            "minmax": [
                                0.0,
                                891.518964
                            ],
                            "mean": 5.313393060357675,
                            "variance": 3087.59656038231,
                            "skewness": 11.00265114666575,
                            "kurtosis": 126.32266736761198
                        }
                    },
                    "causes": []
                },
                {
                    "what": "waiting time due to resource contention changed!",
                    "how": {
                        "reference": {
                            "nobs": 1401,
                            "minmax": [
                                0.0,
                                1198.051684
                            ],
                            "mean": 396.6666636545325,
                            "variance": 80095.5638398721,
                            "skewness": 0.21607189384993084,
                            "kurtosis": -0.6478341968966759
                        },
                        "running": {
                            "nobs": 1342,
                            "minmax": [
                                0.0,
                                1126.891704
                            ],
                            "mean": 251.43027869895678,
                            "variance": 63753.36117109221,
                            "skewness": 0.8998238411859825,
                            "kurtosis": 0.1093923183271035
                        }
                    },
                    "causes": []
                }
            ]
        }
    ]
}